FIPS,"Diabetes Percentage, 2019",PlaceName
30031,4.1,Gallatin County | MT
56039,4.2,Teton County | WY
53055,4.5,San Juan County | WA
08059,5.2,Jefferson County | CO
08069,5.2,Larimer County | CO
49043,5.2,Summit County | UT
08035,5.3,Douglas County | CO
08013,5.4,Boulder County | CO
16085,5.4,Valley County | ID
30063,5.4,Missoula County | MT
50025,5.5,Windham County | VT
08067,5.6,La Plata County | CO
08117,5.6,Summit County | CO
26047,5.6,Emmet County | MI
30099,5.6,Teton County | MT
35049,5.6,Santa Fe County | NM
25015,5.7,Hampshire County | MA
41003,5.7,Benton County | OR
53031,5.7,Jefferson County | WA
08037,5.8,Eagle County | CO
30067,5.8,Park County | MT
55063,5.8,La Crosse County | WI
55073,5.8,Marathon County | WI
38043,5.9,Kidder County | ND
51059,5.9,Fairfax County | VA
55025,5.9,Dane County | WI
56029,5.9,Park County | WY
56035,5.9,Sublette County | WY
06057,6.0,Nevada County | CA
19191,6.0,Winneshiek County | IA
27067,6.0,Kandiyohi County | MN
30029,6.0,Flathead County | MT
50001,6.0,Addison County | VT
50007,6.0,Chittenden County | VT
06041,6.1,Marin County | CA
06061,6.1,Placer County | CA
08045,6.1,Garfield County | CO
08093,6.1,Park County | CO
16059,6.1,Lemhi County | ID
38069,6.1,Pierce County | ND
09005,6.2,Litchfield County | CT
19049,6.2,Dallas County | IA
30057,6.2,Madison County | MT
42029,6.2,Chester County | PA
49051,6.2,Wasatch County | UT
51013,6.2,Arlington County | VA
12021,6.3,Collier County | FL
25017,6.3,Middlesex County | MA
31027,6.3,Cedar County | NE
31071,6.3,Garfield County | NE
41027,6.3,Hood River County | OR
55089,6.3,Ozaukee County | WI
09001,6.4,Fairfield County | CT
16081,6.4,Teton County | ID
20131,6.4,Nemaha County | KS
25001,6.4,Barnstable County | MA
26029,6.4,Charlevoix County | MI
30011,6.4,Carter County | MT
30043,6.4,Jefferson County | MT
46081,6.4,Lawrence County | SD
55131,6.4,Washington County | WI
56019,6.4,Johnson County | WY
06097,6.5,Sonoma County | CA
08007,6.5,Archuleta County | CO
08031,6.5,Denver County | CO
08063,6.5,Kit Carson County | CO
08087,6.5,Morgan County | CO
08097,6.5,Pitkin County | CO
08107,6.5,Routt County | CO
12087,6.5,Monroe County | FL
13291,6.5,Union County | GA
16057,6.5,Latah County | ID
19151,6.5,Pocahontas County | IA
23005,6.5,Cumberland County | ME
23015,6.5,Lincoln County | ME
26089,6.5,Leelanau County | MI
30001,6.5,Beaverhead County | MT
30045,6.5,Judith Basin County | MT
31143,6.5,Polk County | NE
32005,6.5,Douglas County | NV
36061,6.5,New York County | NY
41057,6.5,Tillamook County | OR
47091,6.5,Johnson County | TN
51079,6.5,Greene County | VA
51107,6.5,Loudoun County | VA
55085,6.5,Oneida County | WI
55109,6.5,St. Croix County | WI
55127,6.5,Walworth County | WI
05015,6.6,Carroll County | AR
08041,6.6,El Paso County | CO
08043,6.6,Fremont County | CO
08091,6.6,Ouray County | CO
09007,6.6,Middlesex County | CT
16013,6.6,Blaine County | ID
16039,6.6,Elmore County | ID
19041,6.6,Clay County | IA
19089,6.6,Howard County | IA
20069,6.6,Gray County | KS
20201,6.6,Washington County | KS
26155,6.6,Shiawassee County | MI
27101,6.6,Murray County | MN
27131,6.6,Rice County | MN
27171,6.6,Wright County | MN
29186,6.6,Ste. Genevieve County | MO
31091,6.6,Hooker County | NE
32031,6.6,Washoe County | NV
39075,6.6,Holmes County | OH
46021,6.6,Campbell County | SD
46105,6.6,Perkins County | SD
48149,6.6,Fayette County | TX
50015,6.6,Lamoille County | VT
50023,6.6,Washington County | VT
55019,6.6,Clark County | WI
55075,6.6,Marinette County | WI
02068,6.7,Denali Borough | AK
02110,6.7,Juneau City And Borough | AK
02261,6.7,Valdez-Cordova Census Area | AK
04005,6.7,Coconino County | AZ
04025,6.7,Yavapai County | AZ
08015,6.7,Chaffee County | CO
08019,6.7,Clear Creek County | CO
08103,6.7,Rio Blanco County | CO
12115,6.7,Sarasota County | FL
16041,6.7,Franklin County | ID
17103,6.7,Lee County | IL
27043,6.7,Faribault County | MN
27049,6.7,Goodhue County | MN
27113,6.7,Pennington County | MN
29003,6.7,Andrew County | MO
29141,6.7,Morgan County | MO
29173,6.7,Ralls County | MO
30025,6.7,Fallon County | MT
30065,6.7,Musselshell County | MT
30079,6.7,Prairie County | MT
31031,6.7,Cherry County | NE
31039,6.7,Cuming County | NE
31069,6.7,Garden County | NE
31117,6.7,Mcpherson County | NE
31165,6.7,Sioux County | NE
37043,6.7,Clay County | NC
40129,6.7,Roger Mills County | OK
42119,6.7,Union County | PA
46039,6.7,Deuel County | SD
49055,6.7,Wayne County | UT
50013,6.7,Grand Isle County | VT
55045,6.7,Green County | WI
56011,6.7,Crook County | WY
08014,6.8,Broomfield County | CO
16007,6.8,Bear Lake County | ID
16023,6.8,Butte County | ID
18037,6.8,Dubois County | IN
19161,6.8,Sac County | IA
20153,6.8,Rawlins County | KS
20165,6.8,Rush County | KS
23013,6.8,Knox County | ME
26161,6.8,Washtenaw County | MI
27051,6.8,Grant County | MN
27053,6.8,Hennepin County | MN
29035,6.8,Carter County | MO
30069,6.8,Petroleum County | MT
30095,6.8,Stillwater County | MT
33009,6.8,Grafton County | NH
35055,6.8,Taos County | NM
36079,6.8,Putnam County | NY
38045,6.8,Lamoure County | ND
38057,6.8,Mercer County | ND
39149,6.8,Shelby County | OH
41035,6.8,Klamath County | OR
44005,6.8,Newport County | RI
49001,6.8,Beaver County | UT
49029,6.8,Morgan County | UT
51045,6.8,Craig County | VA
51510,6.8,Alexandria City | VA
55007,6.8,Bayfield County | WI
55043,6.8,Grant County | WI
55051,6.8,Iron County | WI
56001,6.8,Albany County | WY
08095,6.9,Phillips County | CO
17007,6.9,Boone County | IL
17049,6.9,Effingham County | IL
17071,6.9,Henderson County | IL
18007,6.9,Benton County | IN
18101,6.9,Martin County | IN
19063,6.9,Emmet County | IA
20183,6.9,Smith County | KS
21223,6.9,Trimble County | KY
23009,6.9,Hancock County | ME
27011,6.9,Big Stone County | MN
27031,6.9,Cook County | MN
27079,6.9,Le Sueur County | MN
29037,6.9,Cass County | MO
29039,6.9,Cedar County | MO
30021,6.9,Dawson County | MT
30039,6.9,Granite County | MT
30049,6.9,Lewis And Clark County | MT
30061,6.9,Mineral County | MT
35003,6.9,Catron County | NM
37021,6.9,Buncombe County | NC
37115,6.9,Madison County | NC
38047,6.9,Logan County | ND
39137,6.9,Putnam County | OH
42019,6.9,Butler County | PA
44001,6.9,Bristol County | RI
44009,6.9,Washington County | RI
46045,6.9,Edmunds County | SD
49053,6.9,Washington County | UT
51133,6.9,Northumberland County | VA
55055,6.9,Jefferson County | WI
55057,6.9,Juneau County | WI
55123,6.9,Vernon County | WI
06009,7.0,Calaveras County | CA
06043,7.0,Mariposa County | CA
06089,7.0,Shasta County | CA
08027,7.0,Custer County | CO
08039,7.0,Elbert County | CO
08049,7.0,Grand County | CO
16051,7.0,Jefferson County | ID
17013,7.0,Calhoun County | IL
17047,7.0,Edwards County | IL
17059,7.0,Gallatin County | IL
17065,7.0,Hamilton County | IL
17165,7.0,Saline County | IL
18115,7.0,Ohio County | IN
19047,7.0,Crawford County | IA
19053,7.0,Decatur County | IA
19093,7.0,Ida County | IA
19103,7.0,Johnson County | IA
19149,7.0,Plymouth County | IA
20025,7.0,Clark County | KS
20071,7.0,Greeley County | KS
21039,7.0,Carlisle County | KY
21097,7.0,Harrison County | KY
21103,7.0,Henry County | KY
21239,7.0,Woodford County | KY
26083,7.0,Keweenaw County | MI
26111,7.0,Midland County | MI
27027,7.0,Clay County | MN
27047,7.0,Freeborn County | MN
27091,7.0,Martin County | MN
29053,7.0,Cooper County | MO
29153,7.0,Ozark County | MO
29227,7.0,Worth County | MO
30051,7.0,Liberty County | MT
31005,7.0,Arthur County | NE
31075,7.0,Grant County | NE
31085,7.0,Hayes County | NE
31113,7.0,Logan County | NE
31163,7.0,Sherman County | NE
33013,7.0,Merrimack County | NH
35028,7.0,Los Alamos County | NM
36119,7.0,Westchester County | NY
37005,7.0,Alleghany County | NC
38011,7.0,Bowman County | ND
38095,7.0,Towner County | ND
41069,7.0,Wheeler County | OR
42011,7.0,Berks County | PA
42049,7.0,Erie County | PA
42105,7.0,Potter County | PA
42113,7.0,Sullivan County | PA
46037,7.0,Day County | SD
46063,7.0,Harding County | SD
46091,7.0,Marshall County | SD
46117,7.0,Stanley County | SD
46135,7.0,Yankton County | SD
47161,7.0,Stewart County | TN
48017,7.0,Bailey County | TX
48019,7.0,Bandera County | TX
48127,7.0,Dimmit County | TX
48133,7.0,Eastland County | TX
48235,7.0,Irion County | TX
48247,7.0,Jim Hogg County | TX
48261,7.0,Kenedy County | TX
48279,7.0,Lamb County | TX
48297,7.0,Live Oak County | TX
48329,7.0,Midland County | TX
48411,7.0,San Saba County | TX
48417,7.0,Shackelford County | TX
49033,7.0,Rich County | UT
55061,7.0,Kewaunee County | WI
55121,7.0,Trempealeau County | WI
02230,7.1,Skagway Municipality | AK
04019,7.1,Pima County | AZ
06001,7.1,Alameda County | CA
06105,7.1,Trinity County | CA
08047,7.1,Gilpin County | CO
12085,7.1,Martin County | FL
16009,7.1,Benewah County | ID
17053,7.1,Ford County | IL
17097,7.1,Lake County | IL
17157,7.1,Randolph County | IL
17169,7.1,Schuyler County | IL
17185,7.1,Wabash County | IL
17189,7.1,Washington County | IL
19071,7.1,Fremont County | IA
19079,7.1,Hamilton County | IA
19119,7.1,Lyon County | IA
20091,7.1,Johnson County | KS
20161,7.1,Riley County | KS
20179,7.1,Sheridan County | KS
21017,7.1,Bourbon County | KY
27075,7.1,Lake County | MN
27117,7.1,Pipestone County | MN
27133,7.1,Rock County | MN
27163,7.1,Washington County | MN
29057,7.1,Dade County | MO
29089,7.1,Howard County | MO
29161,7.1,Phelps County | MO
30055,7.1,Mccone County | MT
30081,7.1,Ravalli County | MT
30089,7.1,Sanders County | MT
31063,7.1,Frontier County | NE
31101,7.1,Keith County | NE
32007,7.1,Elko County | NV
33003,7.1,Carroll County | NH
33015,7.1,Rockingham County | NH
35021,7.1,Harding County | NM
36021,7.1,Columbia County | NY
36109,7.1,Tompkins County | NY
37199,7.1,Yancey County | NC
38093,7.1,Stutsman County | ND
39077,7.1,Huron County | OH
39123,7.1,Ottawa County | OH
40005,7.1,Atoka County | OK
40025,7.1,Cimarron County | OK
41021,7.1,Gilliam County | OR
41051,7.1,Multnomah County | OR
42067,7.1,Juniata County | PA
45013,7.1,Beaufort County | SC
46049,7.1,Faulk County | SD
46059,7.1,Hand County | SD
46073,7.1,Jerauld County | SD
46075,7.1,Jones County | SD
47175,7.1,Van Buren County | TN
48011,7.1,Armstrong County | TX
48023,7.1,Baylor County | TX
48043,7.1,Brewster County | TX
48081,7.1,Coke County | TX
48091,7.1,Comal County | TX
48105,7.1,Crockett County | TX
48117,7.1,Deaf Smith County | TX
48151,7.1,Fisher County | TX
48159,7.1,Franklin County | TX
48163,7.1,Frio County | TX
48173,7.1,Glasscock County | TX
48219,7.1,Hockley County | TX
48233,7.1,Hutchinson County | TX
48267,7.1,Kimble County | TX
48269,7.1,King County | TX
48283,7.1,La Salle County | TX
48289,7.1,Leon County | TX
48299,7.1,Llano County | TX
48311,7.1,Mcmullen County | TX
48333,7.1,Mills County | TX
48357,7.1,Ochiltree County | TX
48393,7.1,Roberts County | TX
48415,7.1,Scurry County | TX
48425,7.1,Somervell County | TX
48459,7.1,Upshur County | TX
48465,7.1,Val Verde County | TX
48489,7.1,Willacy County | TX
48505,7.1,Zapata County | TX
49005,7.1,Cache County | UT
49049,7.1,Utah County | UT
50027,7.1,Windsor County | VT
51043,7.1,Clarke County | VA
53073,7.1,Whatcom County | WA
55003,7.1,Ashland County | WI
55027,7.1,Dodge County | WI
55033,7.1,Dunn County | WI
55041,7.1,Forest County | WI
55071,7.1,Manitowoc County | WI
55129,7.1,Washburn County | WI
56027,7.1,Niobrara County | WY
05063,7.2,Independence County | AR
06011,7.2,Colusa County | CA
06023,7.2,Humboldt County | CA
06051,7.2,Mono County | CA
08051,7.2,Gunnison County | CO
08053,7.2,Hinsdale County | CO
08061,7.2,Kiowa County | CO
08079,7.2,Mineral County | CO
09013,7.2,Tolland County | CT
16021,7.2,Boundary County | ID
16037,7.2,Custer County | ID
17015,7.2,Carroll County | IL
17039,7.2,De Witt County | IL
17125,7.2,Mason County | IL
17151,7.2,Pope County | IL
17155,7.2,Putnam County | IL
17159,7.2,Richland County | IL
17171,7.2,Scott County | IL
18049,7.2,Fulton County | IN
19031,7.2,Cedar County | IA
19039,7.2,Clarke County | IA
19129,7.2,Mills County | IA
19189,7.2,Winnebago County | IA
20163,7.2,Rooks County | KS
21171,7.2,Monroe County | KY
22023,7.2,Cameron Parish | LA
24027,7.2,Howard County | MD
24031,7.2,Montgomery County | MD
25007,7.2,Dukes County | MA
25019,7.2,Nantucket County | MA
26055,7.2,Grand Traverse County | MI
26087,7.2,Lapeer County | MI
26131,7.2,Ontonagon County | MI
27005,7.2,Becker County | MN
27035,7.2,Crow Wing County | MN
27055,7.2,Houston County | MN
27173,7.2,Yellow Medicine County | MN
29001,7.2,Adair County | MO
30007,7.2,Broadwater County | MT
30009,7.2,Carbon County | MT
31009,7.2,Blaine County | NE
31023,7.2,Butler County | NE
31045,7.2,Dawes County | NE
31099,7.2,Kearney County | NE
32011,7.2,Eureka County | NV
35011,7.2,De Baca County | NM
37037,7.2,Chatham County | NC
37129,7.2,New Hanover County | NC
38001,7.2,Adams County | ND
39005,7.2,Ashland County | OH
42133,7.2,York County | PA
46043,7.2,Douglas County | SD
46051,7.2,Grant County | SD
46067,7.2,Hutchinson County | SD
46101,7.2,Moody County | SD
46119,7.2,Sully County | SD
46127,7.2,Union County | SD
47027,7.2,Clay County | TN
47067,7.2,Hancock County | TN
47127,7.2,Moore County | TN
48035,7.2,Bosque County | TX
48045,7.2,Briscoe County | TX
48067,7.2,Cass County | TX
48083,7.2,Coleman County | TX
48093,7.2,Comanche County | TX
48097,7.2,Cooke County | TX
48103,7.2,Crane County | TX
48111,7.2,Dallam County | TX
48137,7.2,Edwards County | TX
48143,7.2,Erath County | TX
48153,7.2,Floyd County | TX
48155,7.2,Foard County | TX
48171,7.2,Gillespie County | TX
48191,7.2,Hall County | TX
48193,7.2,Hamilton County | TX
48195,7.2,Hansford County | TX
48211,7.2,Hemphill County | TX
48229,7.2,Hudspeth County | TX
48255,7.2,Karnes County | TX
48263,7.2,Kent County | TX
48317,7.2,Martin County | TX
48319,7.2,Mason County | TX
48327,7.2,Menard County | TX
48337,7.2,Montague County | TX
48359,7.2,Oldham County | TX
48369,7.2,Parmer County | TX
48381,7.2,Randall County | TX
48385,7.2,Real County | TX
48399,7.2,Runnels County | TX
48413,7.2,Schleicher County | TX
48421,7.2,Sherman County | TX
48431,7.2,Sterling County | TX
48435,7.2,Sutton County | TX
48447,7.2,Throckmorton County | TX
48453,7.2,Travis County | TX
48461,7.2,Upton County | TX
48495,7.2,Winkler County | TX
48499,7.2,Wood County | TX
51179,7.2,Stafford County | VA
53065,7.2,Stevens County | WA
55023,7.2,Crawford County | WI
55037,7.2,Florence County | WI
55081,7.2,Monroe County | WI
56005,7.2,Campbell County | WY
56007,7.2,Carbon County | WY
56033,7.2,Sheridan County | WY
05137,7.3,Stone County | AR
06017,7.3,El Dorado County | CA
06079,7.3,San Luis Obispo County | CA
06087,7.3,Santa Cruz County | CA
06091,7.3,Sierra County | CA
08005,7.3,Arapahoe County | CO
08023,7.3,Costilla County | CO
08057,7.3,Jackson County | CO
08105,7.3,Rio Grande County | CO
08115,7.3,Sedgwick County | CO
13187,7.3,Lumpkin County | GA
16053,7.3,Jerome County | ID
17005,7.3,Bond County | IL
17057,7.3,Fulton County | IL
17067,7.3,Hancock County | IL
17129,7.3,Menard County | IL
17131,7.3,Mercer County | IL
17175,7.3,Stark County | IL
17183,7.3,Vermilion County | IL
17191,7.3,Wayne County | IL
18029,7.3,Dearborn County | IN
18147,7.3,Spencer County | IN
18175,7.3,Washington County | IN
19157,7.3,Poweshiek County | IA
20019,7.3,Chautauqua County | KS
20051,7.3,Ellis County | KS
20081,7.3,Haskell County | KS
20187,7.3,Stanton County | KS
20199,7.3,Wallace County | KS
21063,7.3,Elliott County | KY
21113,7.3,Jessamine County | KY
21209,7.3,Scott County | KY
23023,7.3,Sagadahoc County | ME
25021,7.3,Norfolk County | MA
26001,7.3,Alcona County | MI
26011,7.3,Arenac County | MI
26043,7.3,Dickinson County | MI
27037,7.3,Dakota County | MN
27093,7.3,Meeker County | MN
27139,7.3,Scott County | MN
29029,7.3,Camden County | MO
29103,7.3,Knox County | MO
29205,7.3,Shelby County | MO
30033,7.3,Garfield County | MT
30053,7.3,Lincoln County | MT
30071,7.3,Phillips County | MT
31035,7.3,Clay County | NE
31093,7.3,Howard County | NE
31129,7.3,Nuckolls County | NE
31135,7.3,Perkins County | NE
31149,7.3,Rock County | NE
31183,7.3,Wheeler County | NE
32017,7.3,Lincoln County | NV
35023,7.3,Hidalgo County | NM
35027,7.3,Lincoln County | NM
35057,7.3,Torrance County | NM
36077,7.3,Otsego County | NY
36113,7.3,Warren County | NY
37011,7.3,Avery County | NC
37075,7.3,Graham County | NC
37135,7.3,Orange County | NC
38015,7.3,Burleigh County | ND
38027,7.3,Eddy County | ND
38081,7.3,Sargent County | ND
39111,7.3,Monroe County | OH
40007,7.3,Beaver County | OK
40059,7.3,Harper County | OK
41063,7.3,Wallowa County | OR
42023,7.3,Cameron County | PA
42031,7.3,Clarion County | PA
42061,7.3,Huntingdon County | PA
46015,7.3,Brule County | SD
47085,7.3,Humphreys County | TN
47173,7.3,Union County | TN
48003,7.3,Andrews County | TX
48033,7.3,Borden County | TX
48047,7.3,Brooks County | TX
48087,7.3,Collingsworth County | TX
48095,7.3,Concho County | TX
48101,7.3,Cottle County | TX
48107,7.3,Crosby County | TX
48115,7.3,Dawson County | TX
48125,7.3,Dickens County | TX
48129,7.3,Donley County | TX
48135,7.3,Ector County | TX
48189,7.3,Hale County | TX
48205,7.3,Hartley County | TX
48207,7.3,Haskell County | TX
48237,7.3,Jack County | TX
48243,7.3,Jeff Davis County | TX
48249,7.3,Jim Wells County | TX
48271,7.3,Kinney County | TX
48273,7.3,Kleberg County | TX
48275,7.3,Knox County | TX
48301,7.3,Loving County | TX
48305,7.3,Lynn County | TX
48325,7.3,Medina County | TX
48377,7.3,Presidio County | TX
48379,7.3,Rains County | TX
48389,7.3,Reeves County | TX
48443,7.3,Terrell County | TX
48445,7.3,Terry County | TX
48449,7.3,Titus County | TX
48501,7.3,Yoakum County | TX
48507,7.3,Zavala County | TX
51063,7.3,Floyd County | VA
51610,7.3,Falls Church City | VA
53033,7.3,King County | WA
53037,7.3,Kittitas County | WA
55069,7.3,Lincoln County | WI
55091,7.3,Pepin County | WI
55135,7.3,Waupaca County | WI
56013,7.3,Fremont County | WY
56031,7.3,Platte County | WY
56041,7.3,Uinta County | WY
06003,7.4,Alpine County | CA
06007,7.4,Butte County | CA
06049,7.4,Modoc County | CA
08111,7.4,San Juan County | CO
08119,7.4,Teller County | CO
16033,7.4,Clark County | ID
16065,7.4,Madison County | ID
17009,7.4,Brown County | IL
17073,7.4,Henry County | IL
17111,7.4,Mchenry County | IL
17123,7.4,Marshall County | IL
17139,7.4,Moultrie County | IL
17149,7.4,Pike County | IL
18165,7.4,Vermillion County | IN
19101,7.4,Jefferson County | IA
19121,7.4,Madison County | IA
19143,7.4,Osceola County | IA
19171,7.4,Tama County | IA
19187,7.4,Webster County | IA
20023,7.4,Cheyenne County | KS
20067,7.4,Grant County | KS
20093,7.4,Kearny County | KS
21077,7.4,Gallatin County | KY
21167,7.4,Mercer County | KY
21185,7.4,Oldham County | KY
25009,7.4,Essex County | MA
25011,7.4,Franklin County | MA
26093,7.4,Livingston County | MI
26137,7.4,Otsego County | MI
27057,7.4,Hubbard County | MN
27063,7.4,Jackson County | MN
27145,7.4,Stearns County | MN
29085,7.4,Hickory County | MO
29139,7.4,Montgomery County | MO
29171,7.4,Putnam County | MO
29179,7.4,Reynolds County | MO
29217,7.4,Vernon County | MO
31011,7.4,Boone County | NE
31041,7.4,Custer County | NE
31049,7.4,Deuel County | NE
31095,7.4,Jefferson County | NE
31133,7.4,Pawnee County | NE
32009,7.4,Esmeralda County | NV
35017,7.4,Grant County | NM
37029,7.4,Camden County | NC
37053,7.4,Currituck County | NC
38009,7.4,Bottineau County | ND
38055,7.4,Mclean County | ND
38075,7.4,Renville County | ND
38099,7.4,Walsh County | ND
40057,7.4,Harmon County | OK
41017,7.4,Deschutes County | OR
41065,7.4,Wasco County | OR
42025,7.4,Carbon County | PA
42043,7.4,Dauphin County | PA
42053,7.4,Forest County | PA
46083,7.4,Lincoln County | SD
46097,7.4,Miner County | SD
47023,7.4,Chester County | TN
47057,7.4,Grainger County | TN
47083,7.4,Houston County | TN
47187,7.4,Williamson County | TN
48013,7.4,Atascosa County | TX
48031,7.4,Blanco County | TX
48053,7.4,Burnet County | TX
48065,7.4,Carson County | TX
48069,7.4,Castro County | TX
48075,7.4,Childress County | TX
48079,7.4,Cochran County | TX
48109,7.4,Culberson County | TX
48119,7.4,Delta County | TX
48123,7.4,Dewitt County | TX
48147,7.4,Fannin County | TX
48169,7.4,Garza County | TX
48177,7.4,Gonzales County | TX
48197,7.4,Hardeman County | TX
48227,7.4,Howard County | TX
48253,7.4,Jones County | TX
48293,7.4,Limestone County | TX
48295,7.4,Lipscomb County | TX
48323,7.4,Maverick County | TX
48341,7.4,Moore County | TX
48353,7.4,Nolan County | TX
48365,7.4,Panola County | TX
48371,7.4,Pecos County | TX
48383,7.4,Reagan County | TX
48391,7.4,Refugio County | TX
48457,7.4,Tyler County | TX
48475,7.4,Ward County | TX
48483,7.4,Wheeler County | TX
49019,7.4,Grand County | UT
51007,7.4,Amelia County | VA
51145,7.4,Powhatan County | VA
51157,7.4,Rappahannock County | VA
51530,7.4,Buena Vista City | VA
55017,7.4,Chippewa County | WI
55047,7.4,Green Lake County | WI
55059,7.4,Kenosha County | WI
55093,7.4,Pierce County | WI
55097,7.4,Portage County | WI
55101,7.4,Racine County | WI
55111,7.4,Sauk County | WI
56015,7.4,Goshen County | WY
06045,7.5,Mendocino County | CA
06083,7.5,Santa Barbara County | CA
06115,7.5,Yuba County | CA
08003,7.5,Alamosa County | CO
08025,7.5,Crowley County | CO
08055,7.5,Huerfano County | CO
08085,7.5,Montrose County | CO
08125,7.5,Yuma County | CO
12071,7.5,Lee County | FL
13125,7.5,Glascock County | GA
13137,7.5,Habersham County | GA
13311,7.5,White County | GA
16015,7.5,Boise County | ID
17017,7.5,Cass County | IL
17023,7.5,Clark County | IL
17035,7.5,Cumberland County | IL
17043,7.5,Dupage County | IL
17055,7.5,Franklin County | IL
17069,7.5,Hardin County | IL
17087,7.5,Johnson County | IL
17117,7.5,Macoupin County | IL
17127,7.5,Massac County | IL
18047,7.5,Franklin County | IN
18057,7.5,Hamilton County | IN
18073,7.5,Jasper County | IN
19005,7.5,Allamakee County | IA
19017,7.5,Bremer County | IA
19021,7.5,Buena Vista County | IA
19097,7.5,Jackson County | IA
19123,7.5,Mahaska County | IA
19169,7.5,Story County | IA
20005,7.5,Atchison County | KS
20039,7.5,Decatur County | KS
20151,7.5,Pratt County | KS
20157,7.5,Republic County | KS
21079,7.5,Garrard County | KY
21189,7.5,Owsley County | KY
22127,7.5,Winn Parish | LA
23027,7.5,Waldo County | ME
26039,7.5,Crawford County | MI
27073,7.5,Lac Qui Parle County | MN
27103,7.5,Nicollet County | MN
27107,7.5,Norman County | MN
27119,7.5,Polk County | MN
27153,7.5,Todd County | MN
29011,7.5,Barton County | MO
29019,7.5,Boone County | MO
29073,7.5,Gasconade County | MO
29105,7.5,Laclede County | MO
29129,7.5,Mercer County | MO
29167,7.5,Polk County | MO
30059,7.5,Meagher County | MT
30077,7.5,Powell County | MT
30091,7.5,Sheridan County | MT
31073,7.5,Gosper County | NE
31077,7.5,Greeley County | NE
31097,7.5,Johnson County | NE
31125,7.5,Nance County | NE
31139,7.5,Pierce County | NE
31177,7.5,Washington County | NE
37059,7.5,Davie County | NC
38053,7.5,Mckenzie County | ND
38089,7.5,Stark County | ND
38103,7.5,Wells County | ND
39055,7.5,Geauga County | OH
40045,7.5,Ellis County | OK
41023,7.5,Grant County | OR
46005,7.5,Beadle County | SD
46065,7.5,Hughes County | SD
46123,7.5,Tripp County | SD
47015,7.5,Cannon County | TN
47101,7.5,Lewis County | TN
48051,7.5,Burleson County | TX
48085,7.5,Collin County | TX
48131,7.5,Duval County | TX
48165,7.5,Gaines County | TX
48175,7.5,Goliad County | TX
48265,7.5,Kerr County | TX
48307,7.5,Mcculloch County | TX
48309,7.5,Mclennan County | TX
48335,7.5,Mitchell County | TX
48345,7.5,Motley County | TX
48367,7.5,Parker County | TX
48397,7.5,Rockwall County | TX
48429,7.5,Stephens County | TX
48463,7.5,Uvalde County | TX
49017,7.5,Garfield County | UT
50017,7.5,Orange County | VT
51011,7.5,Appomattox County | VA
51075,7.5,Goochland County | VA
51540,7.5,Charlottesville City | VA
51678,7.5,Lexington City | VA
51840,7.5,Winchester City | VA
53007,7.5,Chelan County | WA
53057,7.5,Skagit County | WA
55035,7.5,Eau Claire County | WI
55053,7.5,Jackson County | WI
55107,7.5,Rusk County | WI
01029,7.6,Cleburne County | AL
02170,7.6,Matanuska-Susitna Borough | AK
02220,7.6,Sitka City And Borough | AK
06021,7.6,Glenn County | CA
06073,7.6,San Diego County | CA
06093,7.6,Siskiyou County | CA
08113,7.6,San Miguel County | CO
12103,7.6,Pinellas County | FL
13005,7.6,Bacon County | GA
13101,7.6,Echols County | GA
13109,7.6,Evans County | GA
13119,7.6,Franklin County | GA
13201,7.6,Miller County | GA
13237,7.6,Putnam County | GA
16025,7.6,Camas County | ID
16071,7.6,Oneida County | ID
17027,7.6,Clinton County | IL
17033,7.6,Crawford County | IL
17061,7.6,Greene County | IL
17079,7.6,Jasper County | IL
17085,7.6,Jo Daviess County | IL
17101,7.6,Lawrence County | IL
17107,7.6,Logan County | IL
17109,7.6,Mcdonough County | IL
17181,7.6,Union County | IL
18051,7.6,Gibson County | IN
18161,7.6,Union County | IN
19027,7.6,Carroll County | IA
19105,7.6,Jones County | IA
19137,7.6,Montgomery County | IA
20065,7.6,Graham County | KS
20129,7.6,Morton County | KS
20181,7.6,Sherman County | KS
20207,7.6,Woodson County | KS
21123,7.6,Larue County | KY
21201,7.6,Robertson County | KY
26153,7.6,Schoolcraft County | MI
27029,7.6,Clearwater County | MN
27039,7.6,Dodge County | MN
27041,7.6,Douglas County | MN
27109,7.6,Olmsted County | MN
29059,7.6,Dallas County | MO
29125,7.6,Maries County | MO
29135,7.6,Moniteau County | MO
29215,7.6,Texas County | MO
30075,7.6,Powder River County | MT
30109,7.6,Wibaux County | MT
31007,7.6,Banner County | NE
31057,7.6,Dundy County | NE
31119,7.6,Madison County | NE
31137,7.6,Phelps County | NE
32027,7.6,Pershing County | NV
32510,7.6,Carson City | NV
36053,7.6,Madison County | NY
36071,7.6,Orange County | NY
36103,7.6,Suffolk County | NY
37033,7.6,Caswell County | NC
37063,7.6,Durham County | NC
37089,7.6,Henderson County | NC
37167,7.6,Stanly County | NC
38031,7.6,Foster County | ND
38033,7.6,Golden Valley County | ND
38049,7.6,Mchenry County | ND
39091,7.6,Logan County | OH
40055,7.6,Greer County | OK
41005,7.6,Clackamas County | OR
41039,7.6,Lane County | OR
41041,7.6,Lincoln County | OR
42117,7.6,Tioga County | PA
46019,7.6,Butte County | SD
46079,7.6,Lake County | SD
46089,7.6,Mcpherson County | SD
47153,7.6,Sequatchie County | TN
47169,7.6,Trousdale County | TN
48009,7.6,Archer County | TX
48161,7.6,Freestone County | TX
48315,7.6,Marion County | TX
50003,7.6,Bennington County | VT
51109,7.6,Louisa County | VA
51141,7.6,Patrick County | VA
51580,7.6,Covington City | VA
53029,7.6,Island County | WA
53035,7.6,Kitsap County | WA
53043,7.6,Lincoln County | WA
54027,7.6,Hampshire County | WV
54105,7.6,Wirt County | WV
55021,7.6,Columbia County | WI
55113,7.6,Sawyer County | WI
55119,7.6,Taylor County | WI
56037,7.6,Sweetwater County | WY
02240,7.7,Southeast Fairbanks Census Area | AK
06015,7.7,Del Norte County | CA
06027,7.7,Inyo County | CA
08017,7.7,Cheyenne County | CO
08021,7.7,Conejos County | CO
08065,7.7,Lake County | CO
08073,7.7,Lincoln County | CO
08077,7.7,Mesa County | CO
08083,7.7,Montezuma County | CO
08109,7.7,Saguache County | CO
08121,7.7,Washington County | CO
12086,7.7,Miami-Dade County | FL
13083,7.7,Dade County | GA
13113,7.7,Fayette County | GA
13249,7.7,Schley County | GA
16017,7.7,Bonner County | ID
17025,7.7,Clay County | IL
17041,7.7,Douglas County | IL
17137,7.7,Morgan County | IL
17141,7.7,Ogle County | IL
17147,7.7,Piatt County | IL
19009,7.7,Audubon County | IA
19025,7.7,Calhoun County | IA
19037,7.7,Chickasaw County | IA
19095,7.7,Iowa County | IA
19167,7.7,Sioux County | IA
20007,7.7,Barber County | KS
20063,7.7,Gove County | KS
20121,7.7,Miami County | KS
20123,7.7,Mitchell County | KS
20143,7.7,Ottawa County | KS
21149,7.7,Mclean County | KY
21181,7.7,Nicholas County | KY
24041,7.7,Talbot County | MD
25013,7.7,Hampden County | MA
26059,7.7,Hillsdale County | MI
26085,7.7,Lake County | MI
26101,7.7,Manistee County | MI
26107,7.7,Mecosta County | MI
26143,7.7,Roscommon County | MI
27001,7.7,Aitkin County | MN
27013,7.7,Blue Earth County | MN
27085,7.7,Mcleod County | MN
27111,7.7,Otter Tail County | MN
27129,7.7,Renville County | MN
29005,7.7,Atchison County | MO
29067,7.7,Douglas County | MO
29107,7.7,Lafayette County | MO
29123,7.7,Madison County | MO
29209,7.7,Stone County | MO
30019,7.7,Daniels County | MT
30027,7.7,Fergus County | MT
30111,7.7,Yellowstone County | MT
31021,7.7,Burt County | NE
33001,7.7,Belknap County | NH
35001,7.7,Bernalillo County | NM
36111,7.7,Ulster County | NY
37143,7.7,Perquimans County | NC
38007,7.7,Billings County | ND
38065,7.7,Oliver County | ND
38087,7.7,Slope County | ND
38091,7.7,Steele County | ND
40061,7.7,Haskell County | OK
41025,7.7,Harney County | OR
42009,7.7,Bedford County | PA
46011,7.7,Brookings County | SD
46055,7.7,Haakon County | SD
47003,7.7,Bedford County | TN
47033,7.7,Crockett County | TN
47129,7.7,Morgan County | TN
48179,7.7,Gray County | TX
48281,7.7,Lampasas County | TX
48285,7.7,Lavaca County | TX
48375,7.7,Potter County | TX
48433,7.7,Stonewall County | TX
48437,7.7,Swisher County | TX
48441,7.7,Taylor County | TX
49009,7.7,Daggett County | UT
51091,7.7,Highland County | VA
51115,7.7,Mathews County | VA
51127,7.7,New Kent County | VA
51660,7.7,Harrisonburg City | VA
51820,7.7,Waynesboro City | VA
53047,7.7,Okanogan County | WA
55031,7.7,Douglas County | WI
55039,7.7,Fond Du Lac County | WI
55065,7.7,Lafayette County | WI
01093,7.8,Marion County | AL
02100,7.8,Haines Borough | AK
06063,7.8,Plumas County | CA
06069,7.8,San Benito County | CA
06111,7.8,Ventura County | CA
08009,7.8,Baca County | CO
08029,7.8,Delta County | CO
08101,7.8,Pueblo County | CO
08123,7.8,Weld County | CO
09011,7.8,New London County | CT
12073,7.8,Leon County | FL
12109,7.8,St. Johns County | FL
13025,7.8,Brantley County | GA
13143,7.8,Haralson County | GA
13197,7.8,Marion County | GA
13221,7.8,Oglethorpe County | GA
13241,7.8,Rabun County | GA
16001,7.8,Ada County | ID
17003,7.8,Alexander County | IL
17045,7.8,Edgar County | IL
17051,7.8,Fayette County | IL
17075,7.8,Iroquois County | IL
17081,7.8,Jefferson County | IL
17083,7.8,Jersey County | IL
17095,7.8,Knox County | IL
17135,7.8,Montgomery County | IL
17145,7.8,Perry County | IL
17193,7.8,White County | IL
19011,7.8,Benton County | IA
19023,7.8,Butler County | IA
19077,7.8,Guthrie County | IA
19087,7.8,Henry County | IA
20033,7.8,Comanche County | KS
20055,7.8,Finney County | KS
20101,7.8,Lane County | KS
20105,7.8,Lincoln County | KS
21055,7.8,Crittenden County | KY
21057,7.8,Cumberland County | KY
21065,7.8,Estill County | KY
21139,7.8,Livingston County | KY
21191,7.8,Pendleton County | KY
21211,7.8,Shelby County | KY
25023,7.8,Plymouth County | MA
25027,7.8,Worcester County | MA
26003,7.8,Alger County | MI
26019,7.8,Benzie County | MI
26063,7.8,Huron County | MI
26105,7.8,Mason County | MI
26133,7.8,Osceola County | MI
27137,7.8,St. Louis County | MN
27147,7.8,Steele County | MN
29055,7.8,Crawford County | MO
29147,7.8,Nodaway County | MO
30015,7.8,Chouteau County | MT
30101,7.8,Toole County | MT
30107,7.8,Wheatland County | MT
31051,7.8,Dixon County | NE
31127,7.8,Nemaha County | NE
31159,7.8,Seward County | NE
31161,7.8,Sheridan County | NE
33005,7.8,Cheshire County | NH
36069,7.8,Ontario County | NY
36091,7.8,Saratoga County | NY
37039,7.8,Cherokee County | NC
37109,7.8,Lincoln County | NC
37173,7.8,Swain County | NC
37193,7.8,Wilkes County | NC
38023,7.8,Divide County | ND
38039,7.8,Griggs County | ND
39067,7.8,Harrison County | OH
40009,7.8,Beckham County | OK
40085,7.8,Love County | OK
40151,7.8,Woods County | OK
42035,7.8,Clinton County | PA
42063,7.8,Indiana County | PA
42091,7.8,Montgomery County | PA
42093,7.8,Montour County | PA
42123,7.8,Warren County | PA
46035,7.8,Davison County | SD
46077,7.8,Kingsbury County | SD
46093,7.8,Meade County | SD
46103,7.8,Pennington County | SD
47087,7.8,Jackson County | TN
48025,7.8,Bee County | TX
48063,7.8,Camp County | TX
48071,7.8,Chambers County | TX
48145,7.8,Falls County | TX
48287,7.8,Lee County | TX
48313,7.8,Madison County | TX
48343,7.8,Morris County | TX
48395,7.8,Robertson County | TX
48419,7.8,Shelby County | TX
48467,7.8,Van Zandt County | TX
48477,7.8,Washington County | TX
48479,7.8,Webb County | TX
48491,7.8,Williamson County | TX
50011,7.8,Franklin County | VT
51093,7.8,Isle Of Wight County | VA
51095,7.8,James City | VA
51125,7.8,Nelson County | VA
53009,7.8,Clallam County | WA
53019,7.8,Ferry County | WA
53067,7.8,Thurston County | WA
55001,7.8,Adams County | WI
55099,7.8,Price County | WI
55133,7.8,Waukesha County | WI
01003,7.9,Baldwin County | AL
05005,7.9,Baxter County | AR
06035,7.9,Lassen County | CA
06095,7.9,Solano County | CA
06109,7.9,Tuolumne County | CA
08033,7.9,Dolores County | CO
08089,7.9,Otero County | CO
08099,7.9,Prowers County | CO
13023,7.9,Bleckley County | GA
13149,7.9,Heard County | GA
13161,7.9,Jeff Davis County | GA
13209,7.9,Montgomery County | GA
13283,7.9,Treutlen County | GA
16049,7.9,Idaho County | ID
17011,7.9,Bureau County | IL
17029,7.9,Coles County | IL
18001,7.9,Adams County | IN
18013,7.9,Brown County | IN
18027,7.9,Daviess County | IN
18179,7.9,Wells County | IN
19043,7.9,Clayton County | IA
19061,7.9,Dubuque County | IA
19127,7.9,Marshall County | IA
20045,7.9,Douglas County | KS
20079,7.9,Harvey County | KS
20119,7.9,Meade County | KS
20147,7.9,Phillips County | KS
20193,7.9,Thomas County | KS
21023,7.9,Bracken County | KY
21233,7.9,Webster County | KY
22021,7.9,Caldwell Parish | LA
22081,7.9,Red River Parish | LA
22091,7.9,St. Helena Parish | LA
23031,7.9,York County | ME
24035,7.9,Queen Anne'S County | MD
25005,7.9,Bristol County | MA
26009,7.9,Antrim County | MI
26023,7.9,Branch County | MI
26095,7.9,Luce County | MI
26135,7.9,Oscoda County | MI
27007,7.9,Beltrami County | MN
27015,7.9,Brown County | MN
29049,7.9,Clinton County | MO
29075,7.9,Gentry County | MO
29097,7.9,Jasper County | MO
29131,7.9,Miller County | MO
29169,7.9,Pulaski County | MO
29211,7.9,Sullivan County | MO
29219,7.9,Warren County | MO
30037,7.9,Golden Valley County | MT
30103,7.9,Treasure County | MT
31083,7.9,Harlan County | NE
31179,7.9,Wayne County | NE
35059,7.9,Union County | NM
36001,7.9,Albany County | NY
36027,7.9,Dutchess County | NY
37003,7.9,Alexander County | NC
37055,7.9,Dare County | NC
37111,7.9,Mcdowell County | NC
37121,7.9,Mitchell County | NC
37125,7.9,Moore County | NC
37149,7.9,Polk County | NC
38021,7.9,Dickey County | ND
38077,7.9,Richland County | ND
40099,7.9,Murray County | OK
40149,7.9,Washita County | OK
41049,7.9,Morrow County | OR
42079,7.9,Luzerne County | PA
42115,7.9,Susquehanna County | PA
46087,7.9,Mccook County | SD
47049,7.9,Fentress County | TN
47143,7.9,Rhea County | TN
48049,7.9,Brown County | TX
48209,7.9,Hays County | TX
48223,7.9,Hopkins County | TX
48239,7.9,Jackson County | TX
48259,7.9,Kendall County | TX
48331,7.9,Milam County | TX
48493,7.9,Wilson County | TX
48503,7.9,Young County | TX
49035,7.9,Salt Lake County | UT
50021,7.9,Rutland County | VT
51069,7.9,Frederick County | VA
51113,7.9,Madison County | VA
55013,7.9,Burnett County | WI
55077,7.9,Marquette County | WI
02090,8.0,Fairbanks North Star Borough | AK
05009,8.0,Boone County | AR
05013,8.0,Calhoun County | AR
05085,8.0,Lonoke County | AR
05127,8.0,Scott County | AR
08071,8.0,Las Animas County | CO
12035,8.0,Flagler County | FL
12099,8.0,Palm Beach County | FL
13009,8.0,Baldwin County | GA
13085,8.0,Dawson County | GA
13105,8.0,Elbert County | GA
13307,8.0,Webster County | GA
16045,8.0,Gem County | ID
17019,8.0,Champaign County | IL
17063,8.0,Grundy County | IL
17203,8.0,Woodford County | IL
18065,8.0,Henry County | IN
18123,8.0,Perry County | IN
19073,8.0,Greene County | IA
19173,8.0,Taylor County | IA
20059,8.0,Franklin County | KS
20167,8.0,Russell County | KS
20189,8.0,Stevens County | KS
21041,8.0,Carroll County | KY
21075,8.0,Fulton County | KY
21105,8.0,Hickman County | KY
22049,8.0,Jackson Parish | LA
22059,8.0,La Salle Parish | LA
26071,8.0,Iron County | MI
26103,8.0,Marquette County | MI
27017,8.0,Carlton County | MN
27159,8.0,Wadena County | MN
29017,8.0,Bollinger County | MO
29025,8.0,Caldwell County | MO
29065,8.0,Dent County | MO
29071,8.0,Franklin County | MO
29121,8.0,Macon County | MO
29151,8.0,Osage County | MO
29185,8.0,St. Clair County | MO
30023,8.0,Deer Lodge County | MT
31061,8.0,Franklin County | NE
32013,8.0,Humboldt County | NV
33019,8.0,Sullivan County | NH
36025,8.0,Delaware County | NY
36039,8.0,Greene County | NY
36067,8.0,Onondaga County | NY
36087,8.0,Rockland County | NY
37095,8.0,Hyde County | NC
38041,8.0,Hettinger County | ND
39011,8.0,Auglaize County | OH
40003,8.0,Alfalfa County | OK
40067,8.0,Jefferson County | OK
41007,8.0,Clatsop County | OR
41055,8.0,Sherman County | OR
41067,8.0,Washington County | OR
41071,8.0,Yamhill County | OR
42003,8.0,Allegheny County | PA
42007,8.0,Beaver County | PA
42057,8.0,Fulton County | PA
42107,8.0,Schuylkill County | PA
42129,8.0,Westmoreland County | PA
46013,8.0,Brown County | SD
46027,8.0,Clay County | SD
46061,8.0,Hanson County | SD
46109,8.0,Roberts County | SD
47139,8.0,Polk County | TN
48059,8.0,Callahan County | TX
48217,8.0,Hill County | TX
48303,8.0,Lubbock County | TX
48451,8.0,Tom Green County | TX
51017,8.0,Bath County | VA
51077,8.0,Grayson County | VA
51199,8.0,York County | VA
51640,8.0,Galax City | VA
51680,8.0,Lynchburg City | VA
53045,8.0,Mason County | WA
54013,8.0,Calhoun County | WV
55117,8.0,Sheboygan County | WI
55125,8.0,Vilas County | WI
56025,8.0,Natrona County | WY
02275,8.1,Wrangell City And Borough | AK
05089,8.1,Marion County | AR
05129,8.1,Searcy County | AR
09003,8.1,Hartford County | CT
12089,8.1,Nassau County | FL
13065,8.1,Clinch County | GA
13117,8.1,Forsyth County | GA
13155,8.1,Irwin County | GA
13171,8.1,Lamar County | GA
13253,8.1,Seminole County | GA
16055,8.1,Kootenai County | ID
16077,8.1,Power County | ID
17037,8.1,Dekalb County | IL
17133,8.1,Monroe County | IL
18077,8.1,Jefferson County | IN
19065,8.1,Fayette County | IA
19081,8.1,Hancock County | IA
19113,8.1,Linn County | IA
19135,8.1,Monroe County | IA
20003,8.1,Anderson County | KS
20077,8.1,Harper County | KS
20115,8.1,Marion County | KS
21061,8.1,Edmonson County | KY
22025,8.1,Catahoula Parish | LA
22085,8.1,Sabine Parish | LA
23017,8.1,Oxford County | ME
26007,8.1,Alpena County | MI
26013,8.1,Baraga County | MI
26021,8.1,Berrien County | MI
26061,8.1,Houghton County | MI
26069,8.1,Iosco County | MI
26125,8.1,Oakland County | MI
26139,8.1,Ottawa County | MI
26141,8.1,Presque Isle County | MI
27019,8.1,Carver County | MN
27021,8.1,Cass County | MN
27071,8.1,Koochiching County | MN
27081,8.1,Lincoln County | MN
27095,8.1,Mille Lacs County | MN
27097,8.1,Morrison County | MN
27121,8.1,Pope County | MN
27135,8.1,Roseau County | MN
27141,8.1,Sherburne County | MN
27157,8.1,Wabasha County | MN
27165,8.1,Watonwan County | MN
28145,8.1,Union County | MS
29203,8.1,Shannon County | MO
29213,8.1,Taney County | MO
30097,8.1,Sweet Grass County | MT
31019,8.1,Buffalo County | NE
31025,8.1,Cass County | NE
31089,8.1,Holt County | NE
31167,8.1,Stanton County | NE
32029,8.1,Storey County | NV
35007,8.1,Colfax County | NM
35043,8.1,Sandoval County | NM
35051,8.1,Sierra County | NM
36041,8.1,Hamilton County | NY
37099,8.1,Jackson County | NC
37145,8.1,Person County | NC
37159,8.1,Rowan County | NC
39159,8.1,Union County | OH
40033,8.1,Cotton County | OK
42039,8.1,Crawford County | PA
42045,8.1,Delaware County | PA
42083,8.1,Mckean County | PA
46009,8.1,Bon Homme County | SD
46069,8.1,Hyde County | SD
46111,8.1,Sanborn County | SD
47013,8.1,Campbell County | TN
48185,8.1,Grimes County | TX
48221,8.1,Hood County | TX
48423,8.1,Smith County | TX
49021,8.1,Iron County | UT
49041,8.1,Sevier County | UT
51085,8.1,Hanover County | VA
51630,8.1,Fredericksburg City | VA
51830,8.1,Williamsburg City | VA
53059,8.1,Skamania County | WA
53063,8.1,Spokane County | WA
53071,8.1,Walla Walla County | WA
54073,8.1,Pleasants County | WV
55009,8.1,Brown County | WI
56045,8.1,Weston County | WY
02158,8.2,Kusilvak Census Area | AK
02195,8.2,Petersburg Census Area | AK
02270,8.2,Wade Hampton Census Area | AK
05053,8.2,Grant County | AR
05075,8.2,Lawrence County | AR
06005,8.2,Amador County | CA
08001,8.2,Adams County | CO
08011,8.2,Bent County | CO
12015,8.2,Charlotte County | FL
13003,8.2,Atkinson County | GA
13007,8.2,Baker County | GA
13019,8.2,Berrien County | GA
13067,8.2,Cobb County | GA
13127,8.2,Glynn County | GA
13133,8.2,Greene County | GA
13189,8.2,Mcduffie County | GA
13231,8.2,Pike County | GA
15009,8.2,Maui County | HI
17153,8.2,Pulaski County | IL
17173,8.2,Shelby County | IL
17179,8.2,Tazewell County | IL
17187,8.2,Warren County | IL
18039,8.2,Elkhart County | IN
18131,8.2,Pulaski County | IN
18135,8.2,Randolph County | IN
18149,8.2,Starke County | IN
19003,8.2,Adams County | IA
19035,8.2,Cherokee County | IA
19195,8.2,Worth County | IA
20029,8.2,Cloud County | KS
20075,8.2,Hamilton County | KS
20109,8.2,Logan County | KS
22075,8.2,Plaquemines Parish | LA
23007,8.2,Franklin County | ME
24021,8.2,Frederick County | MD
26045,8.2,Eaton County | MI
26109,8.2,Menominee County | MI
26117,8.2,Montcalm County | MI
27077,8.2,Lake Of The Woods County | MN
27149,8.2,Stevens County | MN
27161,8.2,Waseca County | MN
27169,8.2,Winona County | MN
28045,8.2,Hancock County | MS
29009,8.2,Barry County | MO
29051,8.2,Cole County | MO
29061,8.2,Daviess County | MO
29083,8.2,Henry County | MO
29145,8.2,Newton County | MO
29165,8.2,Platte County | MO
29199,8.2,Scotland County | MO
29229,8.2,Wright County | MO
30083,8.2,Richland County | MT
31107,8.2,Knox County | NE
31171,8.2,Thomas County | NE
31185,8.2,York County | NE
35033,8.2,Mora County | NM
35041,8.2,Roosevelt County | NM
35061,8.2,Valencia County | NM
37019,8.2,Brunswick County | NC
37103,8.2,Jones County | NC
37105,8.2,Lee County | NC
37183,8.2,Wake County | NC
39041,8.2,Delaware County | OH
39127,8.2,Perry County | OH
39169,8.2,Wayne County | OH
40037,8.2,Creek County | OK
40087,8.2,Mcclain County | OK
40139,8.2,Texas County | OK
41037,8.2,Lake County | OR
41059,8.2,Umatilla County | OR
41061,8.2,Union County | OR
42027,8.2,Centre County | PA
42055,8.2,Franklin County | PA
42081,8.2,Lycoming County | PA
42125,8.2,Washington County | PA
46025,8.2,Clark County | SD
46115,8.2,Spink County | SD
47007,8.2,Bledsoe County | TN
47043,8.2,Dickson County | TN
47103,8.2,Lincoln County | TN
47159,8.2,Smith County | TN
48077,8.2,Clay County | TX
48183,8.2,Gregg County | TX
49015,8.2,Emery County | UT
49031,8.2,Piute County | UT
53005,8.2,Benton County | WA
54093,8.2,Tucker County | WV
54101,8.2,Webster County | WV
55015,8.2,Calumet County | WI
55049,8.2,Iowa County | WI
55067,8.2,Langlade County | WI
55087,8.2,Outagamie County | WI
55103,8.2,Richland County | WI
02020,8.3,Anchorage Municipality | AK
02122,8.3,Kenai Peninsula Borough | AK
04013,8.3,Maricopa County | AZ
05017,8.3,Chicot County | AR
05125,8.3,Saline County | AR
05149,8.3,Yell County | AR
12037,8.3,Franklin County | FL
13011,8.3,Banks County | GA
13049,8.3,Charlton County | GA
13273,8.3,Terrell County | GA
13319,8.3,Wilkinson County | GA
16063,8.3,Lincoln County | ID
18009,8.3,Blackford County | IN
18025,8.3,Crawford County | IN
18111,8.3,Newton County | IN
18155,8.3,Switzerland County | IN
19117,8.3,Lucas County | IA
19141,8.3,O'Brien County | IA
19177,8.3,Van Buren County | IA
20017,8.3,Chase County | KS
20089,8.3,Jewell County | KS
20107,8.3,Linn County | KS
20111,8.3,Lyon County | KS
20191,8.3,Sumner County | KS
20197,8.3,Wabaunsee County | KS
21087,8.3,Green County | KY
21099,8.3,Hart County | KY
22013,8.3,Bienville Parish | LA
26113,8.3,Missaukee County | MI
27009,8.3,Benton County | MN
27099,8.3,Mower County | MN
27167,8.3,Wilkin County | MN
28055,8.3,Issaquena County | MS
29033,8.3,Carroll County | MO
29041,8.3,Chariton County | MO
29047,8.3,Clay County | MO
29079,8.3,Grundy County | MO
29149,8.3,Oregon County | MO
29197,8.3,Schuyler County | MO
31109,8.3,Lancaster County | NE
31181,8.3,Webster County | NE
33011,8.3,Hillsborough County | NH
36031,8.3,Essex County | NY
37107,8.3,Lenoir County | NC
37113,8.3,Macon County | NC
37141,8.3,Pender County | NC
37177,8.3,Tyrrell County | NC
38013,8.3,Burke County | ND
38017,8.3,Cass County | ND
38019,8.3,Cavalier County | ND
38097,8.3,Traill County | ND
39115,8.3,Morgan County | OH
40043,8.3,Dewey County | OK
40047,8.3,Garfield County | OK
40069,8.3,Johnston County | OK
41053,8.3,Polk County | OR
42015,8.3,Bradford County | PA
42073,8.3,Lawrence County | PA
42095,8.3,Northampton County | PA
42103,8.3,Pike County | PA
46003,8.3,Aurora County | SD
46023,8.3,Charles Mix County | SD
46047,8.3,Fall River County | SD
46099,8.3,Minnehaha County | SD
48099,8.3,Coryell County | TX
48351,8.3,Newton County | TX
48363,8.3,Palo Pinto County | TX
48407,8.3,San Jacinto County | TX
50009,8.3,Essex County | VT
51003,8.3,Albemarle County | VA
51021,8.3,Bland County | VA
51023,8.3,Botetourt County | VA
51036,8.3,Charles City | VA
51037,8.3,Charlotte County | VA
51049,8.3,Cumberland County | VA
51097,8.3,King And Queen County | VA
51683,8.3,Manassas City | VA
51775,8.3,Salem City | VA
55029,8.3,Door County | WI
55105,8.3,Rock County | WI
55115,8.3,Shawano County | WI
55141,8.3,Wood County | WI
56023,8.3,Lincoln County | WY
02130,8.4,Ketchikan Gateway Borough | AK
05061,8.4,Howard County | AR
05065,8.4,Izard County | AR
05087,8.4,Madison County | AR
05097,8.4,Montgomery County | AR
05147,8.4,Woodruff County | AR
06033,8.4,Lake County | CA
06053,8.4,Monterey County | CA
06103,8.4,Tehama County | CA
12061,8.4,Indian River County | FL
13001,8.4,Appling County | GA
13077,8.4,Coweta County | GA
13167,8.4,Johnson County | GA
13211,8.4,Morgan County | GA
13281,8.4,Towns County | GA
16003,8.4,Adams County | ID
16087,8.4,Washington County | ID
17001,8.4,Adams County | IL
17021,8.4,Christian County | IL
17115,8.4,Macon County | IL
17161,8.4,Rock Island County | IL
17201,8.4,Winnebago County | IL
18017,8.4,Cass County | IN
18105,8.4,Monroe County | IN
19067,8.4,Floyd County | IA
19075,8.4,Grundy County | IA
19083,8.4,Hardin County | IA
19115,8.4,Louisa County | IA
19183,8.4,Washington County | IA
20043,8.4,Doniphan County | KS
20083,8.4,Hodgeman County | KS
20127,8.4,Morris County | KS
20137,8.4,Norton County | KS
20185,8.4,Stafford County | KS
20203,8.4,Wichita County | KS
21007,8.4,Ballard County | KY
21027,8.4,Breckinridge County | KY
21085,8.4,Grayson County | KY
21215,8.4,Spencer County | KY
22041,8.4,Franklin Parish | LA
22087,8.4,St. Bernard Parish | LA
22113,8.4,Vermilion Parish | LA
22125,8.4,West Feliciana Parish | LA
23011,8.4,Kennebec County | ME
24013,8.4,Carroll County | MD
26091,8.4,Lenawee County | MI
26115,8.4,Monroe County | MI
27033,8.4,Cottonwood County | MN
27123,8.4,Ramsey County | MN
28129,8.4,Smith County | MS
28155,8.4,Webster County | MS
29101,8.4,Johnson County | MO
29177,8.4,Ray County | MO
30047,8.4,Lake County | MT
31103,8.4,Keya Paha County | NE
31155,8.4,Saunders County | NE
32021,8.4,Mineral County | NV
36051,8.4,Livingston County | NY
36059,8.4,Nassau County | NY
36107,8.4,Tioga County | NY
37077,8.4,Granville County | NC
37137,8.4,Pamlico County | NC
37175,8.4,Transylvania County | NC
40093,8.4,Major County | OK
41013,8.4,Crook County | OR
42037,8.4,Columbia County | PA
42069,8.4,Lackawanna County | PA
42111,8.4,Somerset County | PA
46029,8.4,Codington County | SD
46057,8.4,Hamlin County | SD
46129,8.4,Walworth County | SD
47133,8.4,Overton County | TN
47183,8.4,Weakley County | TN
48181,8.4,Grayson County | TX
48291,8.4,Liberty County | TX
48401,8.4,Rusk County | TX
49007,8.4,Carbon County | UT
49013,8.4,Duchesne County | UT
49025,8.4,Kane County | UT
50005,8.4,Caledonia County | VT
51073,8.4,Gloucester County | VA
51147,8.4,Prince Edward County | VA
51155,8.4,Pulaski County | VA
51165,8.4,Rockingham County | VA
51173,8.4,Smyth County | VA
51191,8.4,Washington County | VA
51520,8.4,Bristol City | VA
51720,8.4,Norton City | VA
51735,8.4,Poquoson City | VA
53049,8.4,Pacific County | WA
53075,8.4,Whitman County | WA
55083,8.4,Oconto County | WI
05001,8.5,Arkansas County | AR
05021,8.5,Clay County | AR
05023,8.5,Cleburne County | AR
05049,8.5,Fulton County | AR
05079,8.5,Lincoln County | AR
06055,8.5,Napa County | CA
06081,8.5,San Mateo County | CA
13027,8.5,Brooks County | GA
13043,8.5,Candler County | GA
13079,8.5,Crawford County | GA
13207,8.5,Monroe County | GA
13263,8.5,Talbot County | GA
13321,8.5,Worth County | GA
16079,8.5,Shoshone County | ID
17121,8.5,Marion County | IL
18121,8.5,Parke County | IN
19107,8.5,Keokuk County | IA
19125,8.5,Marion County | IA
20095,8.5,Kingman County | KS
20145,8.5,Pawnee County | KS
20159,8.5,Rice County | KS
20171,8.5,Scott County | KS
21031,8.5,Butler County | KY
21035,8.5,Calloway County | KY
21049,8.5,Clark County | KY
21067,8.5,Fayette County | KY
21127,8.5,Lawrence County | KY
21155,8.5,Marion County | KY
21187,8.5,Owen County | KY
21197,8.5,Powell County | KY
22061,8.5,Lincoln Parish | LA
22067,8.5,Morehouse Parish | LA
26147,8.5,St. Clair County | MI
26157,8.5,Tuscola County | MI
27045,8.5,Fillmore County | MN
27061,8.5,Itasca County | MN
27155,8.5,Traverse County | MN
29045,8.5,Clark County | MO
29087,8.5,Holt County | MO
29137,8.5,Monroe County | MO
30041,8.5,Hill County | MT
31003,8.5,Antelope County | NE
31013,8.5,Box Butte County | NE
31065,8.5,Furnas County | NE
31141,8.5,Platte County | NE
31169,8.5,Thayer County | NE
32023,8.5,Nye County | NV
35053,8.5,Socorro County | NM
37009,8.5,Ashe County | NC
37023,8.5,Burke County | NC
37119,8.5,Mecklenburg County | NC
37123,8.5,Montgomery County | NC
38051,8.5,Mcintosh County | ND
38105,8.5,Williams County | ND
39107,8.5,Mercer County | OH
39129,8.5,Pickaway County | OH
40075,8.5,Kiowa County | OK
40127,8.5,Pushmataha County | OK
41031,8.5,Jefferson County | OR
42013,8.5,Blair County | PA
42047,8.5,Elk County | PA
42087,8.5,Mifflin County | PA
42089,8.5,Monroe County | PA
42097,8.5,Northumberland County | PA
46107,8.5,Potter County | SD
46125,8.5,Turner County | SD
47001,8.5,Anderson County | TN
47009,8.5,Blount County | TN
47035,8.5,Cumberland County | TN
47095,8.5,Lake County | TN
47099,8.5,Lawrence County | TN
47121,8.5,Meigs County | TN
47135,8.5,Perry County | TN
47137,8.5,Pickett County | TN
47165,8.5,Sumner County | TN
48015,8.5,Austin County | TX
48037,8.5,Bowie County | TX
49023,8.5,Juab County | UT
51025,8.5,Brunswick County | VA
51187,8.5,Warren County | VA
51790,8.5,Staunton City | VA
53023,8.5,Garfield County | WA
53051,8.5,Pend Oreille County | WA
55095,8.5,Polk County | WI
55137,8.5,Waushara County | WI
01057,8.6,Fayette County | AL
01117,8.6,Shelby County | AL
02070,8.6,Dillingham Census Area | AK
02105,8.6,Hoonah-Angoon Census Area | AK
05007,8.6,Benton County | AR
05101,8.6,Newton County | AR
05109,8.6,Pike County | AR
05135,8.6,Sharp County | AR
06085,8.6,Santa Clara County | CA
13205,8.6,Mitchell County | GA
13219,8.6,Oconee County | GA
13229,8.6,Pierce County | GA
13259,8.6,Stewart County | GA
13265,8.6,Taliaferro County | GA
16075,8.6,Payette County | ID
17105,8.6,Livingston County | IL
17167,8.6,Sangamon County | IL
17177,8.6,Stephenson County | IL
18043,8.6,Floyd County | IN
18061,8.6,Harrison County | IN
18087,8.6,Lagrange County | IN
18099,8.6,Marshall County | IN
18137,8.6,Ripley County | IN
18153,8.6,Sullivan County | IN
19019,8.6,Buchanan County | IA
19091,8.6,Humboldt County | IA
19165,8.6,Shelby County | IA
20169,8.6,Saline County | KS
21143,8.6,Lyon County | KY
21169,8.6,Metcalfe County | KY
21175,8.6,Morgan County | KY
22003,8.6,Allen Parish | LA
22035,8.6,East Carroll Parish | LA
22107,8.6,Tensas Parish | LA
22123,8.6,West Carroll Parish | LA
25025,8.6,Suffolk County | MA
26015,8.6,Barry County | MI
27105,8.6,Nobles County | MN
27143,8.6,Sibley County | MN
28041,8.6,Greene County | MS
29043,8.6,Christian County | MO
29109,8.6,Lawrence County | MO
30013,8.6,Cascade County | MT
31017,8.6,Brown County | NE
31033,8.6,Cheyenne County | NE
31053,8.6,Dodge County | NE
31105,8.6,Kimball County | NE
31175,8.6,Valley County | NE
36007,8.6,Broome County | NY
36055,8.6,Monroe County | NY
36105,8.6,Sullivan County | NY
37031,8.6,Carteret County | NC
37041,8.6,Chowan County | NC
37073,8.6,Gates County | NC
37087,8.6,Haywood County | NC
37151,8.6,Randolph County | NC
37171,8.6,Surry County | NC
37185,8.6,Warren County | NC
37189,8.6,Watauga County | NC
38063,8.6,Nelson County | ND
38083,8.6,Sheridan County | ND
39027,8.6,Clinton County | OH
39073,8.6,Hocking County | OH
39085,8.6,Lake County | OH
39121,8.6,Noble County | OH
40105,8.6,Nowata County | OK
41045,8.6,Malheur County | OR
42021,8.6,Cambria County | PA
42077,8.6,Lehigh County | PA
42085,8.6,Mercer County | PA
42099,8.6,Perry County | PA
46085,8.6,Lyman County | SD
47017,8.6,Carroll County | TN
47045,8.6,Dyer County | TN
48405,8.6,San Augustine County | TX
48455,8.6,Trinity County | TX
48473,8.6,Waller County | TX
49039,8.6,Sanpete County | UT
51061,8.6,Fauquier County | VA
51071,8.6,Giles County | VA
51620,8.6,Franklin City | VA
51690,8.6,Martinsville City | VA
53039,8.6,Klickitat County | WA
55139,8.6,Winnebago County | WI
02150,8.7,Kodiak Island Borough | AK
05029,8.7,Conway County | AR
05117,8.7,Prairie County | AR
06013,8.7,Contra Costa County | CA
12117,8.7,Seminole County | FL
13029,8.7,Bryan County | GA
13141,8.7,Hancock County | GA
13269,8.7,Taylor County | GA
13303,8.7,Washington County | GA
18151,8.7,Steuben County | IN
18169,8.7,Wabash County | IN
19015,8.7,Boone County | IA
19131,8.7,Mitchell County | IA
19139,8.7,Muscatine County | IA
19153,8.7,Polk County | IA
19181,8.7,Warren County | IA
20175,8.7,Seward County | KS
21003,8.7,Allen County | KY
21225,8.7,Union County | KY
21227,8.7,Warren County | KY
26005,8.7,Allegan County | MI
26031,8.7,Cheboygan County | MI
26119,8.7,Montmorency County | MI
26159,8.7,Van Buren County | MI
27025,8.7,Chisago County | MN
27125,8.7,Red Lake County | MN
27127,8.7,Redwood County | MN
28089,8.7,Madison County | MS
29063,8.7,Dekalb County | MO
29099,8.7,Jefferson County | MO
29157,8.7,Perry County | MO
29183,8.7,St. Charles County | MO
29221,8.7,Washington County | MO
31015,8.7,Boyd County | NE
31037,8.7,Colfax County | NE
31087,8.7,Hitchcock County | NE
31145,8.7,Red Willow County | NE
32015,8.7,Lander County | NV
36023,8.7,Cortland County | NY
36083,8.7,Rensselaer County | NY
37079,8.7,Greene County | NC
38025,8.7,Dunn County | ND
38067,8.7,Pembina County | ND
38071,8.7,Ramsey County | ND
39019,8.7,Carroll County | OH
39051,8.7,Fulton County | OH
39135,8.7,Preble County | OH
40039,8.7,Custer County | OK
40053,8.7,Grant County | OK
40065,8.7,Jackson County | OK
41019,8.7,Douglas County | OR
41029,8.7,Jackson County | OR
41033,8.7,Josephine County | OR
42109,8.7,Snyder County | PA
42127,8.7,Wayne County | PA
42131,8.7,Wyoming County | PA
44003,8.7,Kent County | RI
46053,8.7,Gregory County | SD
47005,8.7,Benton County | TN
47055,8.7,Giles County | TN
48001,8.7,Anderson County | TX
48187,8.7,Guadalupe County | TX
50019,8.7,Orleans County | VT
51051,8.7,Dickenson County | VA
51171,8.7,Shenandoah County | VA
51570,8.7,Colonial Heights City | VA
51595,8.7,Emporia City | VA
51600,8.7,Fairfax City | VA
53017,8.7,Douglas County | WA
53061,8.7,Snohomish County | WA
54075,8.7,Pocahontas County | WV
56021,8.7,Laramie County | WY
01027,8.8,Clay County | AL
01037,8.8,Coosa County | AL
01061,8.8,Geneva County | AL
02050,8.8,Bethel Census Area | AK
04011,8.8,Greenlee County | AZ
05011,8.8,Bradley County | AR
05071,8.8,Johnson County | AR
05083,8.8,Logan County | AR
06075,8.8,San Francisco County | CA
08081,8.8,Moffat County | CO
12011,8.8,Broward County | FL
13015,8.8,Bartow County | GA
13053,8.8,Chattahoochee County | GA
13121,8.8,Fulton County | GA
13157,8.8,Jackson County | GA
13239,8.8,Quitman County | GA
13301,8.8,Warren County | GA
15007,8.8,Kauai County | HI
17093,8.8,Kendall County | IL
18125,8.8,Pike County | IN
18139,8.8,Rush County | IN
18181,8.8,White County | IN
19033,8.8,Cerro Gordo County | IA
20015,8.8,Butler County | KS
20149,8.8,Pottawatomie County | KS
20195,8.8,Trego County | KS
21011,8.8,Bath County | KY
21151,8.8,Madison County | KY
21213,8.8,Simpson County | KY
22053,8.8,Jefferson Davis Parish | LA
22103,8.8,St. Tammany Parish | LA
24029,8.8,Kent County | MD
26033,8.8,Chippewa County | MI
26079,8.8,Kalkaska County | MI
26097,8.8,Mackinac County | MI
27003,8.8,Anoka County | MN
27059,8.8,Isanti County | MN
27115,8.8,Pine County | MN
28009,8.8,Benton County | MS
29007,8.8,Audrain County | MO
29013,8.8,Bates County | MO
29113,8.8,Lincoln County | MO
29159,8.8,Pettis County | MO
29175,8.8,Randolph County | MO
29181,8.8,Ripley County | MO
31131,8.8,Otoe County | NE
31147,8.8,Richardson County | NE
35035,8.8,Otero County | NM
36047,8.8,Kings County | NY
36075,8.8,Oswego County | NY
37197,8.8,Yadkin County | NC
38037,8.8,Grant County | ND
39165,8.8,Warren County | OH
40111,8.8,Okmulgee County | OK
40141,8.8,Tillman County | OK
41015,8.8,Curry County | OR
42051,8.8,Fayette County | PA
47073,8.8,Hawkins County | TN
48121,8.8,Denton County | TX
48231,8.8,Hunt County | TX
48257,8.8,Kaufman County | TX
48487,8.8,Wilbarger County | TX
48497,8.8,Wise County | TX
51035,8.8,Carroll County | VA
51167,8.8,Russell County | VA
51181,8.8,Surry County | VA
53003,8.8,Asotin County | WA
54031,8.8,Hardy County | WV
56003,8.8,Big Horn County | WY
56043,8.8,Washakie County | WY
01079,8.9,Lawrence County | AL
01133,8.9,Winston County | AL
02282,8.9,Yakutat City And Borough | AK
05025,8.9,Cleveland County | AR
05081,8.9,Little River County | AR
05095,8.9,Monroe County | AR
06047,8.9,Merced County | CA
08075,8.9,Logan County | CO
12057,8.9,Hillsborough County | FL
12081,8.9,Manatee County | FL
12091,8.9,Okaloosa County | FL
12101,8.9,Pasco County | FL
12111,8.9,St. Lucie County | FL
13013,8.9,Barrow County | GA
13081,8.9,Crisp County | GA
15001,8.9,Hawaii County | HI
16029,8.9,Caribou County | ID
17031,8.9,Cook County | IL
17195,8.9,Whiteside County | IL
18011,8.9,Boone County | IN
18045,8.9,Fountain County | IN
18063,8.9,Hendricks County | IN
18129,8.9,Posey County | IN
18141,8.9,St. Joseph County | IN
18171,8.9,Warren County | IN
19007,8.9,Appanoose County | IA
19055,8.9,Delaware County | IA
19109,8.9,Kossuth County | IA
19159,8.9,Ringgold County | IA
20041,8.9,Dickinson County | KS
20053,8.9,Ellsworth County | KS
20141,8.9,Osborne County | KS
21091,8.9,Hancock County | KY
22063,8.9,Livingston Parish | LA
22083,8.9,Richland Parish | LA
23029,8.9,Washington County | ME
26035,8.9,Clare County | MI
26037,8.9,Clinton County | MI
26129,8.9,Ogemaw County | MI
27065,8.9,Kanabec County | MN
27069,8.9,Kittson County | MN
27089,8.9,Marshall County | MN
28003,8.9,Alcorn County | MS
29163,8.9,Pike County | MO
29189,8.9,St. Louis County | MO
33007,8.9,Coos County | NH
36003,8.9,Allegany County | NY
36043,8.9,Herkimer County | NY
36095,8.9,Schoharie County | NY
37025,8.9,Cabarrus County | NC
37061,8.9,Duplin County | NC
37139,8.9,Pasquotank County | NC
37187,8.9,Washington County | NC
39039,8.9,Defiance County | OH
39045,8.9,Fairfield County | OH
40011,8.9,Blaine County | OK
40035,8.9,Craig County | OK
42041,8.9,Cumberland County | PA
45021,8.9,Cherokee County | SC
47039,8.9,Decatur County | TN
48199,8.9,Hardin County | TX
49011,8.9,Davis County | UT
51057,8.9,Essex County | VA
51065,8.9,Fluvanna County | VA
51101,8.9,King William County | VA
51159,8.9,Richmond County | VA
51193,8.9,Westmoreland County | VA
51810,8.9,Virginia Beach City | VA
53011,8.9,Clark County | WA
54009,8.9,Brooke County | WV
54015,8.9,Clay County | WV
54063,8.9,Monroe County | WV
54069,8.9,Ohio County | WV
54079,8.9,Putnam County | WV
54085,8.9,Ritchie County | WV
55005,8.9,Barron County | WI
55011,8.9,Buffalo County | WI
56017,8.9,Hot Springs County | WY
01019,9.0,Cherokee County | AL
05073,9.0,Lafayette County | AR
06037,9.0,Los Angeles County | CA
06067,9.0,Sacramento County | CA
06101,9.0,Sutter County | CA
11001,9.0,District Of Columbia | DC
13017,9.0,Ben Hill County | GA
13177,9.0,Lee County | GA
13181,9.0,Lincoln County | GA
13227,9.0,Pickens County | GA
13243,9.0,Randolph County | GA
15005,9.0,Kalawao County | HI
16043,9.0,Fremont County | ID
18033,9.0,Dekalb County | IN
18085,9.0,Kosciusko County | IN
18107,9.0,Montgomery County | IN
18173,9.0,Warrick County | IN
19013,9.0,Black Hawk County | IA
21005,9.0,Anderson County | KY
21021,9.0,Boyle County | KY
21203,9.0,Rockcastle County | KY
22111,9.0,Union Parish | LA
24015,9.0,Cecil County | MD
25003,9.0,Berkshire County | MA
26051,9.0,Gladwin County | MI
26053,9.0,Gogebic County | MI
26067,9.0,Ionia County | MI
26123,9.0,Newaygo County | MI
28039,9.0,George County | MS
28163,9.0,Yazoo County | MS
29015,9.0,Benton County | MO
30105,9.0,Valley County | MT
31079,9.0,Hall County | NE
37007,9.0,Anson County | NC
38073,9.0,Ransom County | ND
39035,9.0,Cuyahoga County | OH
39063,9.0,Hancock County | OH
39133,9.0,Portage County | OH
40117,9.0,Pawnee County | OK
40147,9.0,Washington County | OK
42059,9.0,Greene County | PA
42065,9.0,Jefferson County | PA
47021,9.0,Cheatham County | TN
47061,9.0,Grundy County | TN
47141,9.0,Putnam County | TN
47171,9.0,Unicoi County | TN
48055,9.0,Caldwell County | TX
48203,9.0,Harrison County | TX
51131,9.0,Northampton County | VA
51163,9.0,Rockbridge County | VA
51177,9.0,Spotsylvania County | VA
51750,9.0,Radford City | VA
53069,9.0,Wahkiakum County | WA
54021,9.0,Gilmer County | WV
54065,9.0,Morgan County | WV
01011,9.1,Bullock County | AL
02164,9.1,Lake And Peninsula Borough | AK
02185,9.1,North Slope Borough | AK
04003,9.1,Cochise County | AZ
06039,9.1,Madera County | CA
06059,9.1,Orange County | CA
13059,9.1,Clarke County | GA
13129,9.1,Gordon County | GA
13147,9.1,Hart County | GA
13159,9.1,Jasper County | GA
13199,9.1,Meriwether County | GA
13275,9.1,Thomas County | GA
13289,9.1,Twiggs County | GA
13295,9.1,Walker County | GA
13309,9.1,Wheeler County | GA
16031,9.1,Cassia County | ID
16035,9.1,Clearwater County | ID
17113,9.1,Mclean County | IL
18093,9.1,Lawrence County | IN
18119,9.1,Owen County | IN
18159,9.1,Tipton County | IN
19001,9.1,Adair County | IA
19051,9.1,Davis County | IA
19059,9.1,Dickinson County | IA
19099,9.1,Jasper County | IA
19111,9.1,Lee County | IA
20117,9.1,Marshall County | KS
20135,9.1,Ness County | KS
21029,9.1,Bullitt County | KY
22121,9.1,West Baton Rouge Parish | LA
26027,9.1,Cass County | MI
26065,9.1,Ingham County | MI
26081,9.1,Kent County | MI
26151,9.1,Sanilac County | MI
28157,9.1,Wilkinson County | MS
29127,9.1,Marion County | MO
29133,9.1,Mississippi County | MO
29195,9.1,Saline County | MO
31123,9.1,Morrill County | NE
35019,9.1,Guadalupe County | NM
35037,9.1,Quay County | NM
36011,9.1,Cayuga County | NY
36115,9.1,Washington County | NY
37097,9.1,Iredell County | NC
37179,9.1,Union County | NC
37181,9.1,Vance County | NC
39109,9.1,Miami County | OH
40029,9.1,Coal County | OK
40049,9.1,Garvin County | OK
40103,9.1,Noble County | OK
47151,9.1,Scott County | TN
47155,9.1,Sevier County | TN
47181,9.1,Wayne County | TN
47185,9.1,White County | TN
48089,9.1,Colorado County | TX
48225,9.1,Houston County | TX
49057,9.1,Weber County | UT
51087,9.1,Henrico County | VA
51153,9.1,Prince William County | VA
51185,9.1,Tazewell County | VA
51685,9.1,Manassas Park City | VA
54007,9.1,Braxton County | WV
54095,9.1,Tyler County | WV
54097,9.1,Upshur County | WV
01059,9.2,Franklin County | AL
02060,9.2,Bristol Bay Borough | AK
02180,9.2,Nome Census Area | AK
04012,9.2,La Paz County | AZ
04015,9.2,Mohave County | AZ
05039,9.2,Dallas County | AR
05047,9.2,Franklin County | AR
05067,9.2,Jackson County | AR
05105,9.2,Perry County | AR
06113,9.2,Yolo County | CA
09009,9.2,New Haven County | CT
13195,9.2,Madison County | GA
13225,9.2,Peach County | GA
13235,9.2,Pulaski County | GA
13297,9.2,Walton County | GA
16019,9.2,Bonneville County | ID
16047,9.2,Gooding County | ID
16073,9.2,Owyhee County | ID
17099,9.2,Lasalle County | IL
18041,9.2,Fayette County | IN
19155,9.2,Pottawattamie County | IA
20085,9.2,Jackson County | KS
21013,9.2,Bell County | KY
21073,9.2,Franklin County | KY
21109,9.2,Jackson County | KY
21121,9.2,Knox County | KY
21219,9.2,Todd County | KY
22043,9.2,Grant Parish | LA
27083,9.2,Lyon County | MN
27087,9.2,Mahnomen County | MN
27151,9.2,Swift County | MN
28125,9.2,Sharkey County | MS
29093,9.2,Iron County | MO
29111,9.2,Lewis County | MO
29115,9.2,Linn County | MO
31115,9.2,Loup County | NE
31153,9.2,Sarpy County | NE
36121,9.2,Wyoming County | NY
37013,9.2,Beaufort County | NC
37047,9.2,Columbus County | NC
37131,9.2,Northampton County | NC
37161,9.2,Rutherford County | NC
38029,9.2,Emmons County | ND
38059,9.2,Morton County | ND
39069,9.2,Henry County | OH
39103,9.2,Medina County | OH
40073,9.2,Kingfisher County | OK
40095,9.2,Marshall County | OK
40113,9.2,Osage County | OK
40119,9.2,Payne County | OK
40121,9.2,Pittsburg County | OK
42033,9.2,Clearfield County | PA
42071,9.2,Lancaster County | PA
45019,9.2,Charleston County | SC
47037,9.2,Davidson County | TN
48403,9.2,Sabine County | TX
48427,9.2,Starr County | TX
49003,9.2,Box Elder County | UT
51119,9.2,Middlesex County | VA
54037,9.2,Jefferson County | WV
54041,9.2,Lewis County | WV
56009,9.2,Converse County | WY
02016,9.3,Aleutians West Census Area | AK
04007,9.3,Gila County | AZ
05041,9.3,Desha County | AR
05051,9.3,Garland County | AR
05099,9.3,Nevada County | AR
06025,9.3,Imperial County | CA
06077,9.3,San Joaquin County | CA
12001,9.3,Alachua County | FL
13169,9.3,Jones County | GA
13293,9.3,Upson County | GA
13317,9.3,Wilkes County | GA
17089,9.3,Kane County | IL
17197,9.3,Will County | IL
18103,9.3,Miami County | IN
18113,9.3,Noble County | IN
19069,9.3,Franklin County | IA
19085,9.3,Harrison County | IA
19147,9.3,Palo Alto County | IA
19193,9.3,Woodbury County | IA
20013,9.3,Brown County | KS
20073,9.3,Greenwood County | KS
21053,9.3,Clinton County | KY
27023,9.3,Chippewa County | MN
28013,9.3,Calhoun County | MS
28031,9.3,Covington County | MS
29091,9.3,Howell County | MO
31047,9.3,Dawson County | NE
31059,9.3,Fillmore County | NE
32019,9.3,Lyon County | NV
35005,9.3,Chaves County | NM
36099,9.3,Seneca County | NY
37071,9.3,Gaston County | NC
39031,9.3,Coshocton County | OH
39057,9.3,Greene County | OH
40013,9.3,Bryan County | OK
42001,9.3,Adams County | PA
42075,9.3,Lebanon County | PA
45077,9.3,Pickens County | SC
45091,9.3,York County | SC
46033,9.3,Custer County | SD
47081,9.3,Hickman County | TN
47089,9.3,Jefferson County | TN
48073,9.3,Cherokee County | TX
48277,9.3,Lamar County | TX
48339,9.3,Montgomery County | TX
49045,9.3,Tooele County | UT
51047,9.3,Culpeper County | VA
51111,9.3,Lunenburg County | VA
51175,9.3,Southampton County | VA
53001,9.3,Adams County | WA
01049,9.4,Dekalb County | AL
02290,9.4,Yukon-Koyukuk Census Area | AK
05111,9.4,Poinsett County | AR
05143,9.4,Washington County | AR
06065,9.4,Riverside County | CA
12005,9.4,Bay County | FL
12067,9.4,Lafayette County | FL
13037,9.4,Calhoun County | GA
13057,9.4,Cherokee County | GA
13111,9.4,Fannin County | GA
13163,9.4,Jefferson County | GA
13223,9.4,Paulding County | GA
13251,9.4,Screven County | GA
13279,9.4,Toombs County | GA
18019,9.4,Clark County | IN
18055,9.4,Greene County | IN
18167,9.4,Vigo County | IN
18183,9.4,Whitley County | IN
19029,9.4,Cass County | IA
21001,9.4,Adair County | KY
21157,9.4,Marshall County | KY
21173,9.4,Montgomery County | KY
21205,9.4,Rowan County | KY
21231,9.4,Wayne County | KY
26017,9.4,Bay County | MI
26057,9.4,Gratiot County | MI
28115,9.4,Pontotoc County | MS
28127,9.4,Simpson County | MS
28131,9.4,Stone County | MS
29187,9.4,St. Francois County | MO
29207,9.4,Stoddard County | MO
31081,9.4,Hamilton County | NE
35047,9.4,San Miguel County | NM
36029,9.4,Erie County | NY
36097,9.4,Schuyler County | NY
37049,9.4,Craven County | NC
38101,9.4,Ward County | ND
39151,9.4,Stark County | OH
39157,9.4,Tuscarawas County | OH
40027,9.4,Cleveland County | OK
45081,9.4,Saluda County | SC
47109,9.4,Mcnairy County | TN
47145,9.4,Roane County | TN
48387,9.4,Red River County | TX
49027,9.4,Millard County | UT
51121,9.4,Montgomery County | VA
51137,9.4,Orange County | VA
54071,9.4,Pendleton County | WV
01009,9.5,Blount County | AL
01123,9.5,Tallapoosa County | AL
05043,9.5,Drew County | AR
09015,9.5,Windham County | CT
12009,9.5,Brevard County | FL
12045,9.5,Gulf County | FL
13071,9.5,Colquitt County | GA
13073,9.5,Columbia County | GA
13115,9.5,Floyd County | GA
13135,9.5,Gwinnett County | GA
13173,9.5,Lanier County | GA
13255,9.5,Spalding County | GA
16061,9.5,Lewis County | ID
19133,9.5,Monona County | IA
20035,9.5,Cowley County | KS
20097,9.5,Kiowa County | KS
20113,9.5,Mcpherson County | KS
21069,9.5,Fleming County | KY
21141,9.5,Logan County | KY
21179,9.5,Nelson County | KY
21229,9.5,Washington County | KY
22005,9.5,Ascension Parish | LA
23001,9.5,Androscoggin County | ME
24003,9.5,Anne Arundel County | MD
24047,9.5,Worcester County | MD
26075,9.5,Jackson County | MI
28121,9.5,Rankin County | MS
29031,9.5,Cape Girardeau County | MO
29081,9.5,Harrison County | MO
29117,9.5,Livingston County | MO
32033,9.5,White Pine County | NV
35039,9.5,Rio Arriba County | NM
36093,9.5,Schenectady County | NY
38003,9.5,Barnes County | ND
39153,9.5,Summit County | OH
40077,9.5,Latimer County | OK
40137,9.5,Stephens County | OK
42017,9.5,Bucks County | PA
45037,9.5,Edgefield County | SC
47047,9.5,Fayette County | TN
47105,9.5,Loudon County | TN
51183,9.5,Sussex County | VA
51197,9.5,Wythe County | VA
53013,9.5,Columbia County | WA
54001,9.5,Barbour County | WV
54089,9.5,Summers County | WV
01001,9.6,Autauga County | AL
01043,9.6,Cullman County | AL
01111,9.6,Randolph County | AL
05059,9.6,Hot Spring County | AR
10003,9.6,New Castle County | DE
12095,9.6,Orange County | FL
13103,9.6,Effingham County | GA
13123,9.6,Gilmer County | GA
13165,9.6,Jenkins County | GA
13183,9.6,Long County | GA
13257,9.6,Stephens County | GA
16005,9.6,Bannock County | ID
17091,9.6,Kankakee County | IL
17143,9.6,Peoria County | IL
17199,9.6,Williamson County | IL
19197,9.6,Wright County | IA
20037,9.6,Crawford County | KS
20133,9.6,Neosho County | KS
21045,9.6,Casey County | KY
21137,9.6,Lincoln County | KY
21207,9.6,Russell County | KY
22093,9.6,St. James Parish | LA
24005,9.6,Baltimore County | MD
24025,9.6,Harford County | MD
28053,9.6,Humphreys County | MS
28071,9.6,Lafayette County | MS
28143,9.6,Tunica County | MS
30017,9.6,Custer County | MT
32003,9.6,Clark County | NV
35009,9.6,Curry County | NM
36037,9.6,Genesee County | NY
37001,9.6,Alamance County | NC
37133,9.6,Onslow County | NC
37169,9.6,Stokes County | NC
38035,9.6,Grand Forks County | ND
38061,9.6,Mountrail County | ND
39017,9.6,Butler County | OH
39033,9.6,Crawford County | OH
39119,9.6,Muskingum County | OH
40015,9.6,Caddo County | OK
40081,9.6,Lincoln County | OK
40091,9.6,Mcintosh County | OK
40107,9.6,Okfuskee County | OK
40133,9.6,Seminole County | OK
40153,9.6,Woodward County | OK
41001,9.6,Baker County | OR
45017,9.6,Calhoun County | SC
45079,9.6,Richland County | SC
47051,9.6,Franklin County | TN
48007,9.6,Aransas County | TX
48041,9.6,Brazos County | TX
48113,9.6,Dallas County | TX
51067,9.6,Franklin County | VA
51105,9.6,Lee County | VA
51139,9.6,Page County | VA
51670,9.6,Hopewell City | VA
01077,9.7,Lauderdale County | AL
01103,9.7,Morgan County | AL
04027,9.7,Yuma County | AZ
05141,9.7,Van Buren County | AR
12069,9.7,Lake County | FL
12131,9.7,Walton County | FL
13033,9.7,Burke County | GA
13039,9.7,Camden County | GA
13061,9.7,Clay County | GA
13099,9.7,Early County | GA
13145,9.7,Harris County | GA
16011,9.7,Bingham County | ID
18067,9.7,Howard County | IN
18163,9.7,Vanderburgh County | IN
19145,9.7,Page County | IA
20001,9.7,Allen County | KS
20087,9.7,Jefferson County | KS
21165,9.7,Menifee County | KY
22015,9.7,Bossier Parish | LA
22027,9.7,Claiborne Parish | LA
22065,9.7,Madison Parish | LA
22077,9.7,Pointe Coupee Parish | LA
24023,9.7,Garrett County | MD
26073,9.7,Isabella County | MI
26077,9.7,Kalamazoo County | MI
28117,9.7,Prentiss County | MS
29023,9.7,Butler County | MO
29119,9.7,Mcdonald County | MO
30093,9.7,Silver Bow County | MT
33017,9.7,Strafford County | NH
35013,9.7,Dona Ana County | NM
36017,9.7,Chenango County | NY
36085,9.7,Richmond County | NY
37081,9.7,Guilford County | NC
37093,9.7,Hoke County | NC
38005,9.7,Benson County | ND
39007,9.7,Ashtabula County | OH
39081,9.7,Jefferson County | OH
39083,9.7,Knox County | OH
40071,9.7,Kay County | OK
41009,9.7,Columbia County | OR
41011,9.7,Coos County | OR
41043,9.7,Linn County | OR
44007,9.7,Providence County | RI
47031,9.7,Coffee County | TN
47177,9.7,Warren County | TN
48481,9.7,Wharton County | TX
51019,9.7,Bedford County | VA
51099,9.7,King George County | VA
53015,9.7,Cowlitz County | WA
54025,9.7,Greenbrier County | WV
04009,9.8,Graham County | AZ
04023,9.8,Santa Cruz County | AZ
05113,9.8,Polk County | AR
12041,9.8,Gilchrist County | FL
12113,9.8,Santa Rosa County | FL
12119,9.8,Sumter County | FL
12129,9.8,Wakulla County | FL
13107,9.8,Emanuel County | GA
18059,9.8,Hancock County | IN
20027,9.8,Clay County | KS
20139,9.8,Osage County | KS
21015,9.8,Boone County | KY
21153,9.8,Magoffin County | KY
21163,9.8,Meade County | KY
22011,9.8,Beauregard Parish | LA
24009,9.8,Calvert County | MD
26099,9.8,Macomb County | MI
28065,9.8,Jefferson Davis County | MS
28093,9.8,Marshall County | MS
28119,9.8,Quitman County | MS
28139,9.8,Tippah County | MS
28141,9.8,Tishomingo County | MS
31151,9.8,Saline County | NE
35029,9.8,Luna County | NM
37015,9.8,Bertie County | NC
39021,9.8,Champaign County | OH
39047,9.8,Fayette County | OH
39155,9.8,Trumbull County | OH
40021,9.8,Cherokee County | OK
40041,9.8,Delaware County | OK
47079,9.8,Henry County | TN
48057,9.8,Calhoun County | TX
48213,9.8,Henderson County | TX
51149,9.8,Prince George County | VA
02013,9.9,Aleutians East Borough | AK
06107,9.9,Tulare County | CA
10005,9.9,Sussex County | DE
13131,9.9,Grady County | GA
13267,9.9,Tattnall County | GA
13277,9.9,Tift County | GA
13287,9.9,Turner County | GA
18075,9.9,Jay County | IN
19057,9.9,Des Moines County | IA
20205,9.9,Wilson County | KS
21037,9.9,Campbell County | KY
22089,9.9,St. Charles Parish | LA
23025,9.9,Somerset County | ME
26165,9.9,Wexford County | MI
31029,9.9,Chase County | NE
31055,9.9,Douglas County | NE
36045,9.9,Jefferson County | NY
36063,9.9,Niagara County | NY
36089,9.9,St. Lawrence County | NY
36117,9.9,Wayne County | NY
39009,9.9,Athens County | OH
39061,9.9,Hamilton County | OH
39143,9.9,Sandusky County | OH
40001,9.9,Adair County | OK
40017,9.9,Canadian County | OK
40051,9.9,Grady County | OK
40063,9.9,Hughes County | OK
40083,9.9,Logan County | OK
40115,9.9,Ottawa County | OK
40131,9.9,Rogers County | OK
40135,9.9,Sequoyah County | OK
45073,9.9,Oconee County | SC
47025,9.9,Claiborne County | TN
47189,9.9,Wilson County | TN
51027,9.9,Buchanan County | VA
51033,9.9,Caroline County | VA
51169,9.9,Scott County | VA
55079,9.9,Milwaukee County | WI
01035,10.0,Conecuh County | AL
01119,10.0,Sumter County | AL
01127,10.0,Walker County | AL
02188,10.0,Northwest Arctic Borough | AK
02198,10.0,Prince Of Wales-Hyder Census Area | AK
05055,10.0,Greene County | AR
06031,10.0,Kings County | CA
06071,10.0,San Bernardino County | CA
13035,10.0,Butts County | GA
13139,10.0,Hall County | GA
15003,10.0,Honolulu County | HI
16067,10.0,Minidoka County | ID
18003,10.0,Allen County | IN
18117,10.0,Orange County | IN
18157,10.0,Tippecanoe County | IN
20047,10.0,Edwards County | KS
21051,10.0,Clay County | KY
21145,10.0,Mccracken County | KY
21159,10.0,Martin County | KY
21161,10.0,Mason County | KY
22019,10.0,Calcasieu Parish | LA
22031,10.0,De Soto Parish | LA
23021,10.0,Piscataquis County | ME
26145,10.0,Saginaw County | MI
26149,10.0,St. Joseph County | MI
29077,10.0,Greene County | MO
31001,10.0,Adams County | NE
31121,10.0,Merrick County | NE
31157,10.0,Scotts Bluff County | NE
36049,10.0,Lewis County | NY
37017,10.0,Bladen County | NC
37157,10.0,Rockingham County | NC
39025,10.0,Clermont County | OH
40023,10.0,Choctaw County | OK
46071,10.0,Jackson County | SD
46095,10.0,Mellette County | SD
53021,10.0,Franklin County | WA
54017,10.0,Doddridge County | WV
54083,10.0,Randolph County | WV
12017,10.1,Citrus County | FL
12029,10.1,Dixie County | FL
12065,10.1,Jefferson County | FL
12083,10.1,Marion County | FL
13299,10.1,Ware County | GA
18031,10.1,Decatur County | IN
18083,10.1,Knox County | IN
19175,10.1,Union County | IA
20049,10.1,Elk County | KS
20103,10.1,Leavenworth County | KS
21033,10.1,Caldwell County | KY
21217,10.1,Taylor County | KY
21237,10.1,Wolfe County | KY
22007,10.1,Assumption Parish | LA
22051,10.1,Jefferson Parish | LA
26121,10.1,Muskegon County | MI
28017,10.1,Chickasaw County | MS
28019,10.1,Choctaw County | MS
28059,10.1,Jackson County | MS
29095,10.1,Jackson County | MO
29225,10.1,Webster County | MO
30087,10.1,Rosebud County | MT
31111,10.1,Lincoln County | NE
36013,10.1,Chautauqua County | NY
37083,10.1,Halifax County | NC
37127,10.1,Nash County | NC
37195,10.1,Wilson County | NC
39023,10.1,Clark County | OH
39043,10.1,Erie County | OH
45063,10.1,Lexington County | SC
48021,10.1,Bastrop County | TX
48027,10.1,Bell County | TX
51029,10.1,Buckingham County | VA
53041,10.1,Lewis County | WA
01007,10.2,Bibb County | AL
06099,10.2,Stanislaus County | CA
13047,10.2,Catoosa County | GA
13075,10.2,Cook County | GA
13191,10.2,Mcintosh County | GA
13233,10.2,Polk County | GA
18023,10.2,Clinton County | IN
18071,10.2,Jackson County | IN
18127,10.2,Porter County | IN
18143,10.2,Scott County | IN
22055,10.2,Lafayette Parish | LA
28037,10.2,Franklin County | MS
28097,10.2,Montgomery County | MS
29027,10.2,Callaway County | MO
30073,10.2,Pondera County | MT
37065,10.2,Edgecombe County | NC
39175,10.2,Wyandot County | OH
45045,10.2,Greenville County | SC
47117,10.2,Marshall County | TN
47123,10.2,Monroe County | TN
47167,10.2,Tipton County | TN
48139,10.2,Ellis County | TX
48157,10.2,Fort Bend County | TX
48201,10.2,Harris County | TX
48439,10.2,Tarrant County | TX
54061,10.2,Monongalia County | WV
54067,10.2,Nicholas County | WV
54103,10.2,Wetzel County | WV
12013,10.3,Calhoun County | FL
13051,10.3,Chatham County | GA
13089,10.3,Dekalb County | GA
13247,10.3,Rockdale County | GA
18069,10.3,Huntington County | IN
18081,10.3,Johnson County | IN
19045,10.3,Clinton County | IA
19163,10.3,Scott County | IA
20009,10.3,Barton County | KS
20031,10.3,Coffey County | KS
21093,10.3,Hardin County | KY
22037,10.3,East Feliciana Parish | LA
22071,10.3,Orleans Parish | LA
22095,10.3,St. John The Baptist Parish | LA
22115,10.3,Vernon Parish | LA
26041,10.3,Delta County | MI
28005,10.3,Amite County | MS
29021,10.3,Buchanan County | MO
29223,10.3,Wayne County | MO
31067,10.3,Gage County | NE
36015,10.3,Chemung County | NY
36019,10.3,Clinton County | NY
37057,10.3,Davidson County | NC
37067,10.3,Forsyth County | NC
37117,10.3,Martin County | NC
39049,10.3,Franklin County | OH
39071,10.3,Highland County | OH
40143,10.3,Tulsa County | OK
41047,10.3,Marion County | OR
47041,10.3,Dekalb County | TN
48251,10.3,Johnson County | TX
48321,10.3,Matagorda County | TX
48471,10.3,Walker County | TX
51015,10.3,Augusta County | VA
51143,10.3,Pittsylvania County | VA
54029,10.3,Hancock County | WV
01023,10.4,Choctaw County | AL
01041,10.4,Crenshaw County | AL
01083,10.4,Limestone County | AL
01089,10.4,Madison County | AL
01107,10.4,Pickens County | AL
05103,10.4,Ouachita County | AR
13031,10.4,Bulloch County | GA
13313,10.4,Whitfield County | GA
17119,10.4,Madison County | IL
18005,10.4,Bartholomew County | IN
18177,10.4,Wayne County | IN
20061,10.4,Geary County | KS
20125,10.4,Montgomery County | KS
20177,10.4,Shawnee County | KS
21081,10.4,Grant County | KY
21129,10.4,Lee County | KY
22001,10.4,Acadia Parish | LA
22099,10.4,St. Martin Parish | LA
30005,10.4,Blaine County | MT
39013,10.4,Belmont County | OH
39015,10.4,Brown County | OH
39101,10.4,Marion County | OH
39125,10.4,Paulding County | OH
39139,10.4,Richland County | OH
42005,10.4,Armstrong County | PA
47115,10.4,Marion County | TN
51550,10.4,Chesapeake City | VA
54023,10.4,Grant County | WV
05037,10.5,Cross County | AR
06029,10.5,Kern County | CA
13055,10.5,Chattooga County | GA
13285,10.5,Troup County | GA
13315,10.5,Wilcox County | GA
16083,10.5,Twin Falls County | ID
17163,10.5,St. Clair County | IL
18015,10.5,Carroll County | IN
20099,10.5,Labette County | KS
21131,10.5,Leslie County | KY
21135,10.5,Lewis County | KY
21183,10.5,Ohio County | KY
21193,10.5,Perry County | KY
22047,10.5,Iberville Parish | LA
22109,10.5,Terrebonne Parish | LA
24037,10.5,St. Mary'S County | MD
28023,10.5,Clarke County | MS
28073,10.5,Lamar County | MS
28103,10.5,Noxubee County | MS
28149,10.5,Warren County | MS
28153,10.5,Wayne County | MS
36101,10.5,Steuben County | NY
37101,10.5,Johnston County | NC
37165,10.5,Scotland County | NC
39117,10.5,Morrow County | OH
45051,10.5,Horry County | SC
45061,10.5,Lee County | SC
48141,10.5,El Paso County | TX
48349,10.5,Navarro County | TX
48355,10.5,Nueces County | TX
51083,10.5,Halifax County | VA
51710,10.5,Norfolk City | VA
51760,10.5,Richmond City | VA
53027,10.5,Grays Harbor County | WA
53053,10.5,Pierce County | WA
01081,10.6,Lee County | AL
01115,10.6,St. Clair County | AL
05123,10.6,St. Francis County | AR
16069,10.6,Nez Perce County | ID
17077,10.6,Jackson County | IL
18021,10.6,Clay County | IN
18145,10.6,Shelby County | IN
20021,10.6,Cherokee County | KS
22029,10.6,Concordia Parish | LA
22119,10.6,Webster Parish | LA
28077,10.6,Lawrence County | MS
28111,10.6,Perry County | MS
28161,10.6,Yalobusha County | MS
29510,10.6,St. Louis City | MO
36073,10.6,Orleans County | NY
37035,10.6,Catawba County | NC
37091,10.6,Hertford County | NC
37147,10.6,Pitt County | NC
37153,10.6,Richmond County | NC
39097,10.6,Madison County | OH
40079,10.6,Le Flore County | OK
42121,10.6,Venango County | PA
47093,10.6,Knox County | TN
51005,10.6,Alleghany County | VA
51135,10.6,Nottoway County | VA
54011,10.6,Cabell County | WV
05033,10.7,Crawford County | AR
12127,10.7,Volusia County | FL
13093,10.7,Dooly County | GA
20155,10.7,Reno County | KS
21083,10.7,Graves County | KY
21199,10.7,Pulaski County | KY
26163,10.7,Wayne County | MI
28015,10.7,Carroll County | MS
28021,10.7,Claiborne County | MS
36057,10.7,Montgomery County | NY
36123,10.7,Yates County | NY
39029,10.7,Columbiana County | OH
39037,10.7,Darke County | OH
39147,10.7,Seneca County | OH
40089,10.7,Mccurtain County | OK
40109,10.7,Oklahoma County | OK
45087,10.7,Union County | SC
47107,10.7,Mcminn County | TN
47131,10.7,Obion County | TN
47147,10.7,Robertson County | TN
51009,10.7,Amherst County | VA
51031,10.7,Campbell County | VA
51041,10.7,Chesterfield County | VA
53077,10.7,Yakima County | WA
54051,10.7,Marshall County | WV
54091,10.7,Taylor County | WV
05119,10.8,Pulaski County | AR
05133,10.8,Sevier County | AR
12077,10.8,Liberty County | FL
13045,10.8,Carroll County | GA
13069,10.8,Coffee County | GA
21111,10.8,Jefferson County | KY
21221,10.8,Trigg County | KY
23019,10.8,Penobscot County | ME
28085,10.8,Lincoln County | MS
28105,10.8,Oktibbeha County | MS
36065,10.8,Oneida County | NY
37085,10.8,Harnett County | NC
39053,10.8,Gallia County | OH
45033,10.8,Dillon County | SC
45035,10.8,Dorchester County | SC
46017,10.8,Buffalo County | SD
47019,10.8,Carter County | TN
47063,10.8,Hamblen County | TN
48241,10.8,Jasper County | TX
48469,10.8,Victoria County | TX
51081,10.8,Greensville County | VA
01033,10.9,Colbert County | AL
05131,10.9,Sebastian County | AR
12007,10.9,Bradford County | FL
12051,10.9,Hendry County | FL
13097,10.9,Douglas County | GA
19179,10.9,Wapello County | IA
20011,10.9,Bourbon County | KS
20173,10.9,Sedgwick County | KS
21115,10.9,Johnson County | KY
23003,10.9,Aroostook County | ME
39161,10.9,Van Wert County | OH
40031,10.9,Comanche County | OK
40097,10.9,Mayes County | OK
47119,10.9,Maury County | TN
47163,10.9,Sullivan County | TN
48347,10.9,Nacogdoches County | TX
51001,10.9,Accomack County | VA
51053,10.9,Dinwiddie County | VA
54043,10.9,Lincoln County | WV
01065,11.0,Hale County | AL
01071,11.0,Jackson County | AL
04021,11.0,Pinal County | AZ
05019,11.0,Clark County | AR
05115,11.0,Pope County | AR
06019,11.0,Fresno County | CA
12093,11.0,Okeechobee County | FL
12123,11.0,Taylor County | FL
13305,11.0,Wayne County | GA
20057,11.0,Ford County | KS
21089,11.0,Greenup County | KY
22097,11.0,St. Landry Parish | LA
28025,11.0,Clay County | MS
39065,11.0,Hardin County | OH
39113,11.0,Montgomery County | OH
40123,11.0,Pontotoc County | OK
45071,11.0,Newberry County | SC
47111,11.0,Macon County | TN
47157,11.0,Shelby County | TN
51117,11.0,Mecklenburg County | VA
51770,11.0,Roanoke City | VA
01067,11.1,Henry County | AL
01075,11.1,Lamar County | AL
05145,11.1,White County | AR
12031,11.1,Duval County | FL
12075,11.1,Levy County | FL
12125,11.1,Union County | FL
13091,11.1,Dodge County | GA
13193,11.1,Macon County | GA
21059,11.1,Daviess County | KY
21133,11.1,Letcher County | KY
22009,11.1,Avoyelles Parish | LA
22033,11.1,East Baton Rouge Parish | LA
22039,11.1,Evangeline Parish | LA
24043,11.1,Washington County | MD
24045,11.1,Wicomico County | MD
26127,11.1,Oceana County | MI
28029,11.1,Copiah County | MS
28081,11.1,Lee County | MS
28091,11.1,Marion County | MS
29143,11.1,New Madrid County | MO
29201,11.1,Scott County | MO
37069,11.1,Franklin County | NC
39001,11.1,Adams County | OH
39059,11.1,Guernsey County | OH
39089,11.1,Licking County | OH
39095,11.1,Lucas County | OH
39171,11.1,Williams County | OH
45009,11.1,Bamberg County | SC
47065,11.1,Hamilton County | TN
53025,11.1,Grant County | WA
54003,11.1,Berkeley County | WV
54049,11.1,Marion County | WV
54087,11.1,Roane County | WV
54107,11.1,Wood County | WV
01085,11.2,Lowndes County | AL
12049,11.2,Hardee County | FL
12121,11.2,Suwannee County | FL
13213,11.2,Murray County | GA
13217,11.2,Newton County | GA
18079,11.2,Jennings County | IN
19185,11.2,Wayne County | IA
21009,11.2,Barren County | KY
24001,11.2,Allegany County | MD
28057,11.2,Itawamba County | MS
28069,11.2,Kemper County | MS
35045,11.2,San Juan County | NM
36081,11.2,Queens County | NY
45003,11.2,Aiken County | SC
45055,11.2,Kershaw County | SC
45083,11.2,Spartanburg County | SC
47071,11.2,Hardin County | TN
47179,11.2,Washington County | TN
49037,11.2,San Juan County | UT
49047,11.2,Uintah County | UT
51800,11.2,Suffolk City | VA
54057,11.2,Mineral County | WV
54109,11.2,Wyoming County | WV
01005,11.3,Barbour County | AL
01017,11.3,Chambers County | AL
01021,11.3,Chilton County | AL
01039,11.3,Covington County | AL
01125,11.3,Tuscaloosa County | AL
05121,11.3,Randolph County | AR
05139,11.3,Union County | AR
12047,11.3,Hamilton County | FL
12053,11.3,Hernando County | FL
12055,11.3,Highlands County | FL
12105,11.3,Polk County | FL
16027,11.3,Canyon County | ID
18035,11.3,Delaware County | IN
21025,11.3,Breathitt County | KY
21117,11.3,Kenton County | KY
22105,11.3,Tangipahoa Parish | LA
26049,11.3,Genesee County | MI
28035,11.3,Forrest County | MS
28047,11.3,Harrison County | MS
28061,11.3,Jasper County | MS
28101,11.3,Newton County | MS
28137,11.3,Tate County | MS
32001,11.3,Churchill County | NV
35015,11.3,Eddy County | NM
36033,11.3,Franklin County | NY
36035,11.3,Fulton County | NY
37191,11.3,Wayne County | NC
45053,11.3,Jasper County | SC
48029,11.3,Bexar County | TX
48409,11.3,San Patricio County | TX
01099,11.4,Monroe County | AL
12043,11.4,Glades County | FL
22017,11.4,Caddo Parish | LA
22069,11.4,Natchitoches Parish | LA
28007,11.4,Attala County | MS
36009,11.4,Cattaraugus County | NY
38085,11.4,Sioux County | ND
39003,11.4,Allen County | OH
40101,11.4,Muskogee County | OK
45001,11.4,Abbeville County | SC
46007,11.4,Bennett County | SD
47029,11.4,Cocke County | TN
47149,11.4,Rutherford County | TN
48167,11.4,Galveston County | TX
51730,11.4,Petersburg City | VA
01063,11.5,Greene County | AL
01129,11.5,Washington County | AL
05057,11.5,Hempstead County | AR
05091,11.5,Miller County | AR
18053,11.5,Grant County | IN
18109,11.5,Morgan County | IN
28095,11.5,Monroe County | MS
37045,11.5,Cleveland County | NC
39093,11.5,Lorain County | OH
39141,11.5,Ross County | OH
39167,11.5,Washington County | OH
45047,11.5,Greenwood County | SC
45065,11.5,Mccormick County | SC
51650,11.5,Hampton City | VA
18089,11.6,Lake County | IN
18097,11.6,Marion County | IN
21043,11.6,Carter County | KY
21107,11.6,Hopkins County | KY
22045,11.6,Iberia Parish | LA
45029,11.6,Colleton County | SC
45057,11.6,Lancaster County | SC
48361,11.6,Orange County | TX
51089,11.6,Henry County | VA
51103,11.6,Lancaster County | VA
51161,11.6,Roanoke County | VA
51590,11.6,Danville City | VA
01031,11.7,Coffee County | AL
01045,11.7,Dale County | AL
01131,11.7,Wilcox County | AL
05045,11.7,Faulkner County | AR
24017,11.7,Charles County | MD
26025,11.7,Calhoun County | MI
39173,11.7,Wood County | OH
45025,11.7,Chesterfield County | SC
48039,11.7,Brazoria County | TX
51700,11.7,Newport News City | VA
54047,11.7,Mcdowell County | WV
01025,11.8,Clarke County | AL
01073,11.8,Jefferson County | AL
01095,11.8,Marshall County | AL
01105,11.8,Perry County | AL
05003,11.8,Ashley County | AR
13095,11.8,Dougherty County | GA
24510,11.8,Baltimore City | MD
28079,11.8,Leake County | MS
35006,11.8,Cibola County | NM
35025,11.8,Lea County | NM
37051,11.8,Cumberland County | NC
42101,11.8,Philadelphia County | PA
45007,11.8,Anderson County | SC
45027,11.8,Clarendon County | SC
47077,11.8,Henderson County | TN
48245,11.8,Jefferson County | TX
54033,11.8,Harrison County | WV
04017,11.9,Navajo County | AZ
12003,11.9,Baker County | FL
12019,11.9,Clay County | FL
13179,11.9,Liberty County | GA
13261,11.9,Sumter County | GA
18091,11.9,Laporte County | IN
21125,11.9,Laurel County | KY
21147,11.9,Mccreary County | KY
28063,11.9,Jefferson County | MS
28109,11.9,Pearl River County | MS
37163,11.9,Sampson County | NC
39099,11.9,Mahoning County | OH
39163,11.9,Vinton County | OH
45039,11.9,Fairfield County | SC
47011,11.9,Bradley County | TN
48373,11.9,Polk County | TX
54053,11.9,Mason County | WV
12079,12.0,Madison County | FL
12097,12.0,Osceola County | FL
21047,12.0,Christian County | KY
21119,12.0,Knott County | KY
24039,12.0,Somerset County | MD
28159,12.0,Winston County | MS
36005,12.0,Bronx County | NY
45085,12.0,Sumter County | SC
48061,12.0,Cameron County | TX
54039,12.0,Kanawha County | WV
01091,12.1,Marengo County | AL
01121,12.1,Talladega County | AL
05077,12.1,Lee County | AR
12133,12.1,Washington County | FL
13087,12.1,Decatur County | GA
13175,12.1,Laurens County | GA
13215,12.1,Muscogee County | GA
21101,12.1,Henderson County | KY
21235,12.1,Whitley County | KY
22073,12.1,Ouachita Parish | LA
31043,12.1,Dakota County | NE
40019,12.1,Carter County | OK
47113,12.1,Madison County | TN
54077,12.1,Preston County | WV
05031,12.2,Craighead County | AR
05035,12.2,Crittenden County | AR
10001,12.2,Kent County | DE
12027,12.2,Desoto County | FL
21095,12.2,Harlan County | KY
22101,12.2,St. Mary Parish | LA
28147,12.2,Walthall County | MS
39079,12.2,Jackson County | OH
39145,12.2,Scioto County | OH
45041,12.2,Florence County | SC
45059,12.2,Laurens County | SC
45067,12.2,Marion County | SC
47059,12.2,Greene County | TN
01097,12.3,Mobile County | AL
12063,12.3,Jackson County | FL
24011,12.3,Caroline County | MD
24033,12.3,Prince George'S County | MD
40125,12.3,Pottawatomie County | OK
40145,12.3,Wagoner County | OK
47069,12.3,Hardeman County | TN
54055,12.3,Mercer County | WV
01087,12.4,Macon County | AL
01109,12.4,Pike County | AL
12023,12.4,Columbia County | FL
12107,12.4,Putnam County | FL
13271,12.4,Telfair County | GA
21177,12.4,Muhlenberg County | KY
22079,12.4,Rapides Parish | LA
28001,12.4,Adams County | MS
29155,12.4,Pemiscot County | MO
37027,12.4,Caldwell County | NC
45049,12.4,Hampton County | SC
48005,12.4,Angelina County | TX
48485,12.4,Wichita County | TX
01013,12.5,Butler County | AL
01113,12.5,Russell County | AL
20209,12.5,Wyandotte County | KS
22117,12.5,Washington Parish | LA
28067,12.5,Jones County | MS
28087,12.5,Lowndes County | MS
28099,12.5,Neshoba County | MS
31173,12.5,Thurston County | NE
45031,12.5,Darlington County | SC
48215,12.5,Hidalgo County | TX
12033,12.6,Escambia County | FL
18095,12.6,Madison County | IN
18133,12.6,Putnam County | IN
28043,12.6,Grenada County | MS
28123,12.6,Scott County | MS
28135,12.6,Tallahatchie County | MS
45005,12.6,Allendale County | SC
45015,12.6,Berkeley County | SC
54059,12.6,Mingo County | WV
55078,12.6,Menominee County | WI
01055,12.7,Etowah County | AL
21195,12.7,Pike County | KY
22057,12.7,Lafourche Parish | LA
28083,12.7,Leflore County | MS
13021,12.8,Bibb County | GA
13185,12.8,Lowndes County | GA
28033,12.8,Desoto County | MS
28075,12.8,Lauderdale County | MS
45011,12.8,Barnwell County | SC
45043,12.8,Georgetown County | SC
13151,12.9,Henry County | GA
39105,12.9,Meigs County | OH
47075,12.9,Haywood County | TN
47125,12.9,Montgomery County | TN
51740,12.9,Portsmouth City | VA
21071,13.0,Floyd County | KY
30035,13.0,Glacier County | MT
47097,13.0,Lauderdale County | TN
04001,13.1,Apache County | AZ
13063,13.1,Clayton County | GA
54081,13.1,Raleigh County | WV
01069,13.2,Houston County | AL
29069,13.2,Dunklin County | MO
47053,13.2,Gibson County | TN
54035,13.2,Jackson County | WV
01015,13.3,Calhoun County | AL
13153,13.3,Houston County | GA
28133,13.3,Sunflower County | MS
05027,13.4,Columbia County | AR
30003,13.4,Big Horn County | MT
35031,13.4,Mckinley County | NM
45069,13.4,Marlboro County | SC
01101,13.5,Montgomery County | AL
05069,13.5,Jefferson County | AR
28049,13.5,Hinds County | MS
45023,13.5,Chester County | SC
46137,13.5,Ziebach County | SD
51195,13.5,Wise County | VA
54019,13.5,Fayette County | WV
05093,13.6,Mississippi County | AR
21019,13.7,Boyd County | KY
30085,13.7,Roosevelt County | MT
01053,13.8,Escambia County | AL
24019,13.8,Dorchester County | MD
54099,13.9,Wayne County | WV
13245,14.0,Richmond County | GA
28051,14.0,Holmes County | MS
39087,14.1,Lawrence County | OH
45075,14.1,Orangeburg County | SC
01051,14.2,Elmore County | AL
28107,14.2,Panola County | MS
46031,14.2,Corson County | SD
28113,14.3,Pike County | MS
54005,14.3,Boone County | WV
01047,14.4,Dallas County | AL
28011,14.6,Bolivar County | MS
28027,14.6,Coahoma County | MS
37155,14.6,Robeson County | NC
12059,14.8,Holmes County | FL
05107,14.9,Phillips County | AR
28151,15.0,Washington County | MS
39131,15.0,Pike County | OH
38079,15.2,Rolette County | ND
46121,15.2,Todd County | SD
54045,15.5,Logan County | WV
12039,15.6,Gadsden County | FL
46041,15.9,Dewey County | SD
45089,16.3,Williamsburg County | SC
46102,17.6,Oglala Lakota County | SD
46113,17.6,Shannon County | SD
